ticker,20080530Value,20080530PB,20090601Value,20090601PB,20100601Value,20100601PB,20110601Value,20110601PB,20120601Value,20120601PB,20130531Value,20130531PB,20140530Value,20140530PB,20150601Value,20150601PB
000001,57862662268.3,4.1209,56829437844.6,3.3288,53724004082.6,2.4299,60743789871.7,1.6897,80846469564.5,1.0525,1.07539125232e+11,1.2116,1.09488575044e+11,0.9334,2.2750795158e+11,1.6642
000002,1.35722126143e+11,4.4936,1.11711335815e+11,3.4172,78725705160.9,2.0197,85982543904.8,1.8884,1.00606173495e+11,1.8508,1.31860955557e+11,2.0107,94177984257.4,1.2806,1.64359235856e+11,1.8493
000006,5863038508.72,3.0026,5979690658.98,3.3847,4016891435.04,1.877,5424324987.09,2.1687,5993384601.6,2.0584,6428547840.0,1.8133,6358476666.66,1.5555,22571916400.0,5.205
000009,7624865605.52,4.5045,10502369383.1,5.2812,10340315014.9,4.5485,17724696096.2,6.7849,12358203493.6,4.6178,14147034361.1,4.7051,12807047332.7,3.9786,33434255400.0,8.9712
000012,22298067837.5,5.306,22416308606.9,4.8493,23695841184.0,4.2105,33965700461.6,4.9919,20130754932.0,2.8628,22911704582.4,3.3129,14859402609.6,1.8166,33495914970.0,3.9451
000021,8979884099.41,2.5229,9833017064.78,2.8057,13518199667.8,3.6506,11464523916.9,2.733,7876088352.57,1.9228,7572654462.94,1.8965,7885950185.68,1.6604,22068891000.0,4.2536
000024,23077542159.6,2.9149,49406735471.3,3.2869,25793853555.1,1.5478,28369804309.6,1.5113,43361837700.8,2.0799,49114794385.8,2.0292,30361872893.0,1.1048,81503083312.0,2.5666
000028,5189570694.0,9.9391,5143466790.0,7.6647,8814490146.0,9.9417,8500407300.0,7.4589,7719522426.0,5.2598,9105521040.0,4.7431,13997592999.8,3.224,31951496709.0,6.4397
000031,15099315536.7,4.4507,15217208090.4,4.752,12442198748.6,2.1184,10501505940.8,2.3013,8615225081.0,1.9124,8016693654.32,1.6583,5967176950.84,1.1146,21075561192.0,3.5268
000039,39935940765.0,2.441,24281051985.1,1.784,32161744296.1,2.2105,55164846176.7,3.1221,40069060567.6,2.1155,34078669452.8,1.7384,33599438163.6,1.6114,74993955710.0,3.2837
000050,3943097500.0,2.5713,3095140125.0,2.3886,3686604750.0,3.2047,6190280250.0,5.0613,4094313375.0,3.1175,10152519000.0,7.4024,7137772125.0,4.7127,33205206856.5,4.0126
000060,20059010400.0,5.3906,20373460800.0,5.6534,23057331528.0,5.5839,27003896119.2,5.745,19226609001.6,3.5441,18752132599.2,3.2915,11593727745.6,1.8939,49076089040.0,6.736
000061,9141103962.36,5.3347,7902068966.16,2.7518,12572788442.4,4.3025,12588158599.4,4.0656,9434202373.42,2.894,12404807797.6,2.5489,16409643146.8,3.3795,43035012112.0,8.8113
000063,66523635994.5,5.1914,48050925188.7,3.3412,64597020612.8,3.1929,74850364269.2,3.223,52598792925.8,2.161,43448185392.6,1.9882,45203667805.7,1.9376,1.09760693709e+11,4.2827
000066,3599158275.0,2.0472,4539065850.0,3.8771,10123492320.0,4.4557,9847538511.84,2.9442,6101767814.46,1.9335,4751702050.74,1.681,5664981832.08,2.186,31382411369.0,12.5433
000069,35410900582.3,6.9385,42723736453.8,7.4468,38253054426.2,3.5362,41167868809.0,3.0975,44283426266.9,2.6701,46755735779.4,2.2913,34466164502.3,1.405,89292088356.0,3.1185
000078,4013817600.0,5.6245,4404445098.75,6.2186,7575645569.85,11.6909,6844833938.65,8.9367,4743750498.95,5.8036,5861027978.55,4.0694,5421999665.55,3.6836,24131924422.0,16.4536
000090,3348671480.0,1.0969,3141662697.6,1.3622,4013839405.8,1.4621,4968210777.6,1.2464,3808352746.8,1.245,4591028599.08,1.1931,4138455647.06,1.241,16481993764.0,4.2181
000099,3348672000.0,2.4693,3728736000.0,2.5505,3292176000.0,2.1532,5341440000.0,3.2883,4596720000.0,2.6432,4257744000.0,2.1291,4670776025.56,1.8947,14297200736.0,5.2381
000157,32077890000.0,8.036,31150080000.0,5.7589,35419853048.8,2.6316,84291281999.6,2.7132,84765494550.0,2.2605,54404035593.0,1.3145,34907971846.5,0.8305,68814170113.0,1.7049
000401,14249005087.2,5.3794,17160704188.1,2.9045,17427513723.2,2.5923,29227771797.4,3.6225,24686619784.5,2.1984,15186583240.8,1.352,10483728270.9,0.9137,23029166361.0,2.0573
000402,24836941719.6,1.7492,25730178384.8,1.7484,20023388579.1,1.2831,21310641855.4,1.2121,21310641855.4,1.1225,18192749652.1,0.8992,19010061200.5,0.8431,39633210474.0,1.5842
000417,3756598547.02,4.5225,3767669073.19,4.0956,7027939020.0,6.4521,8644604856.0,5.7869,7138540044.0,2.9003,5209626456.0,1.8518,4359552678.0,1.3743,11191338270.0,3.3282
000422,12246896414.2,6.297,6497689062.96,3.2162,8987204321.64,3.8384,9898399449.0,3.4777,12552176633.8,2.308,8359139088.72,1.3358,4543205562.72,0.7363,9050496336.0,1.4746
000425,8988494853.8,7.7197,15916558504.0,12.7648,28209300050.5,5.7794,45504444877.2,3.5601,31498317011.6,1.9832,21638333035.5,1.185,14088638191.8,0.7134,36578538308.0,1.7582
000426,4073238742.6,3.094,2847460354.64,2.4302,4248349940.88,3.6599,5679693648.56,5.1105,6298414717.42,3.9754,4786715558.17,2.8137,5145661831.36,1.8108,10273414845.0,3.7168
000488,26926138949.0,2.9221,15300380882.2,1.2473,14578664802.9,1.1019,15135417206.9,1.0991,9753477300.93,0.7201,8536870195.74,0.6172,8268451344.09,0.5878,21823288858.0,1.5582
000501,6218867713.4,5.7292,5265240364.2,3.8987,7451481787.1,4.9214,9759462871.6,5.297,6868145908.6,3.1637,6015968277.4,2.3214,6036258221.0,1.9398,13278542560.0,3.4775
000510,3338318751.92,2.763,3058094915.08,2.8959,4708978823.42,4.1983,4501856857.06,3.9662,3673368991.62,3.7656,4185082084.98,4.1825,4038878344.02,4.7515,3533256760.0,5.1614
000511,6455510941.49,4.7052,4931132686.97,3.5032,4515393163.01,2.9621,3914880517.29,2.5215,3949525477.62,2.4956,5312227250.6,3.2674,6894347105.67,4.0695,17634286167.0,12.6532
000525,3477764029.22,5.5196,5327340386.42,8.5688,4559485959.34,7.4721,3923343788.0,6.657,6705803343.78,2.3787,8826095172.6,2.855,6766672965.66,1.9224,12417404112.0,3.2005
000528,12803562450.9,5.2003,9046774550.5,3.2433,12151517014.6,2.7066,23551317906.5,2.6096,15595856005.0,1.6442,9407024256.96,1.0042,6852724608.24,0.7231,17036166908.0,1.8634
000538,13335608851.9,9.0739,18312613522.0,5.6319,36315477384.0,9.6881,40357710424.3,8.6995,36240710203.8,6.1994,62483983110.0,8.4485,59911725776.5,6.2841,81239590597.0,6.9161
000541,7767932225.79,2.7992,7639786956.72,2.8917,13357395119.2,4.9697,13474822768.6,4.7583,9726923625.3,3.4163,7290299900.25,2.4134,9032143366.35,3.0528,20549837700.0,6.573
000543,6462353701.76,1.6748,6091309470.08,1.6361,5581123651.52,1.3558,6539654583.36,1.6875,4328849369.6,1.154,7435409181.3,1.2848,6835099941.45,1.0062,21253053338.0,2.2604
000563,5300928654.54,10.8963,4007057630.68,7.7116,3508863524.54,5.8157,3938959155.74,5.0851,8601001696.62,9.7209,12765575483.8,3.8176,8369058069.06,2.3186,19519705118.0,4.7822
000568,52270037955.2,16.2475,31328561025.7,7.8137,39373322802.2,7.9589,63995591948.4,9.9324,56396986804.2,6.6504,36998183875.0,3.4099,22183634170.3,2.0056,36921305692.0,3.5998
000572,6724246283.36,2.7615,6086754060.42,2.3489,5427878620.89,1.8626,8617894872.24,1.3733,5756227491.0,0.8826,7367971188.48,1.0973,5854905676.56,0.8305,14818173964.0,2.0186
000581,6830002979.8,2.8106,6869712299.45,2.7763,8060991888.95,2.708,19434875588.7,4.4201,22594051313.9,2.7444,28572429130.0,3.1981,25300984601.6,2.5285,36717033990.0,3.2222
000616,4370160746.16,1.8983,5227940231.46,2.0621,4330432010.36,1.4954,4827041185.05,1.4356,4910471526.52,1.3312,4562447815.75,1.146,4605354848.5,1.0818,19694327688.0,4.6597
000625,16552112030.4,2.1111,20702782661.8,2.7149,22884470931.6,2.3898,24279845678.5,1.6408,24666667511.3,1.7112,48400757801.0,3.015,54229365436.0,2.6169,1.04541908604e+11,3.7193
000630,19247164560.8,3.6115,27052168078.1,4.7459,20891004439.3,3.457,32853330998.8,3.6302,31175835084.5,3.035,21636854080.5,1.9644,13377319112.9,1.1907,32372339517.4,2.1814
000651,34140287700.0,5.6362,38623861800.0,4.8909,38980794375.0,3.676,60950933662.5,4.2776,67917601612.6,3.0839,80640872419.6,2.8746,93123513991.4,2.5339,1.95661650775e+11,4.1689
000652,14195020456.2,7.0619,11435697353.0,5.6475,11775079339.0,5.3429,11332407183.4,4.7663,6389234779.16,2.9633,6536792164.36,3.2676,5636692114.64,2.6547,18002001580.0,7.548
000680,11956841347.5,4.5218,8555784253.1,2.8733,8335626539.4,2.4171,14856849852.1,3.4457,8123060471.0,1.8595,4873836282.6,1.1533,3548652567.46,0.8292,12680849272.0,3.168
000709,37212594129.2,3.1366,26651682347.8,2.2421,27782193167.5,0.9565,30739210958.2,1.031,32174380322.0,0.7465,24316611981.1,0.5707,19219680212.1,0.4495,56384807418.0,1.3048
000726,7620680496.0,3.1815,8396658912.0,2.3111,8257377840.0,2.0298,11122588464.0,2.4118,8273429360.0,1.5859,9302010056.0,1.7026,8516182419.36,1.3722,16200106575.0,2.403
000729,20442960172.5,3.7006,16580657393.1,2.3866,25367195544.5,3.4345,22813534382.6,2.7775,20647276686.0,2.1978,17293318805.8,1.7671,19182869231.6,1.6269,33294627420.0,2.707
000758,12992496000.0,7.6896,8694576000.0,5.0468,9263760000.0,5.1002,24628824000.0,12.0893,18162080640.0,7.4909,14317381142.5,3.3321,9315159945.52,2.1783,24203660536.0,5.2417
000762,4207201075.0,7.3065,6528605600.0,11.037,8381318000.0,13.9249,9954221271.45,14.1636,7615598032.0,4.1199,6416141341.96,3.7527,5016775203.58,2.9277,10614240270.0,6.6253
000768,25023946244.0,2.9121,27253802840.0,3.0987,27179474286.8,2.9778,25172603350.4,2.7135,20787218711.6,2.2075,30970248720.0,2.7087,24415277482.8,2.1323,1.17007563105e+11,9.9702
000777,3449040000.0,6.3556,3659040000.0,6.5095,4286016000.0,7.1951,5529733733.04,6.0247,5176137508.2,5.4374,3919379841.6,3.9597,3955591503.18,3.8004,19653986176.0,17.9919
000778,9466603763.76,1.905,9795468410.64,1.8955,13609788175.4,1.4061,19494583907.6,1.7995,15258297729.0,1.2687,11482060728.3,0.9338,13334504941.3,0.8259,29255758422.0,1.7641
000786,6740758000.0,3.704,6136850500.0,3.1234,7039836000.0,3.107,7983082000.0,3.0434,8299414500.0,2.7099,11865344500.0,3.2995,8310917500.0,1.915,26575784021.6,3.6461
000792,68150764500.0,25.7148,38500308000.0,10.7563,33396100500.0,10.1243,87048568680.2,7.2684,50450951919.2,3.5531,37329250994.4,2.3051,25130045407.4,1.5064,51802884644.0,2.9256
000800,23907975000.0,3.9227,25144875000.0,3.6876,26625900000.0,3.1963,22052625000.0,2.4423,19302150000.0,2.3105,23956800000.0,3.0082,16323825000.0,1.8391,38669400000.0,4.3529
000816,3981840000.0,3.0783,6336540000.0,5.0664,4086180000.0,3.1743,8122472752.28,3.9599,6717916472.06,3.2006,5291584125.48,3.1759,6029914101.5,3.5087,20799656378.0,6.2546
000823,3171139200.0,2.26,3149117400.0,2.1113,5835777000.0,3.7106,5664006960.0,3.3219,6135273480.0,3.319,4624578000.0,2.4172,6126782060.0,2.2403,9864065420.0,3.4604
000826,3373954870.0,7.5884,5113215451.8,5.3046,8775550852.2,7.8648,9494790535.8,7.1188,11063209619.6,6.5576,24757453508.4,6.2957,18466767833.7,4.0482,42644819130.0,7.9297
000830,8275705624.48,3.6029,5210241973.44,2.2222,5231166640.0,2.1708,9902458859.28,2.0724,7763762123.4,1.4937,7309655282.22,1.3417,5141661330.78,0.9013,13872230829.0,2.2812
000839,24304799657.2,4.909,23867999663.4,4.5775,20320379811.4,3.4986,16698460261.6,2.8409,11383175727.7,1.9448,9987717546.17,1.7031,10081793378.6,1.7215,37316748280.0,5.5603
000858,85788847872.0,8.0989,64493474572.8,5.102,94899168000.0,5.9959,1.28607352474e+11,6.3604,1.26102014438e+11,4.8251,90154209600.0,2.5919,63696321561.6,1.6454,1.07122180274e+11,2.5731
000860,7551658800.0,3.4421,5087064000.0,2.1839,7148202000.0,2.8188,8402426400.0,3.0534,7573585800.0,2.579,6196570200.0,2.0731,6490392000.0,2.0293,15109223200.0,2.8663
000878,28778173520.0,4.2405,28928976176.0,8.7424,26578968120.0,6.5123,26604101896.0,5.8496,27860564396.0,3.8624,17662493036.0,2.5965,10778794868.0,1.9692,33157895908.0,6.2154
000897,12113369032.7,5.5421,9250797178.48,4.1788,7407106831.72,3.5235,7342415942.36,3.4112,5078234814.76,2.9892,4285771420.1,2.4012,7924633946.6,5.8678,13617431924.0,9.767
000900,9033124317.0,2.7677,7065236430.0,1.9908,7184986200.0,1.844,7180994541.0,1.5805,6123204906.0,1.1546,5448614535.0,0.9447,4950455491.8,0.8028,11221810195.0,1.7039
000919,4037040000.0,2.2857,4077360000.0,2.3234,5841360000.0,3.1148,4440240000.0,2.2306,4742640000.0,2.2766,4006800000.0,1.8607,6395760000.0,2.8515,13461840000.0,5.6611
000926,4406659983.5,2.0389,5754657624.0,1.5732,6162623362.0,1.5658,7372880977.5,1.4141,7323016082.0,1.2729,5983787460.0,1.008,4637435281.5,0.6828,12188404316.0,1.7218
000927,10033644585.8,2.9539,10735521154.6,3.2794,11804287748.0,3.224,12362598655.0,3.3809,12330695174.6,3.3134,8597987967.8,2.3794,5630964290.6,1.8932,15712464885.0,12.4668
000933,22200000000.0,10.089,13385000000.0,4.5245,20580000000.0,5.192,25200000000.0,5.3449,18732000000.0,3.3156,12258225000.0,1.647,6974835000.0,0.9358,16287285857.0,2.3951
000937,39240036143.4,9.9888,28531761219.9,4.8661,31628691489.7,3.0396,55046644055.2,4.3074,46188297553.9,3.0241,27546450869.6,1.7569,13553501435.4,0.871,29110990230.0,1.5732
000960,19903057485.9,7.8487,14921054061.3,6.3945,14583896619.8,3.6769,24039272569.0,4.9836,20487360836.6,3.8823,19777966317.4,4.0131,14321181664.0,2.0051,30092901256.0,4.4502
000962,4925448000.0,4.0237,3831300000.0,3.0686,6037416000.0,5.0239,8136612000.0,6.2344,7225247035.16,3.0299,6339173420.72,2.5757,4099743589.2,1.7016,7970253408.0,3.9373
000969,9813704243.2,5.2445,12359795676.8,6.2264,15534386632.5,6.7602,17353937084.4,5.6107,13744345823.6,4.115,9050733690.52,2.712,7558096008.48,2.3024,15547589326.0,4.9847
000970,4751136000.0,4.1205,4116636000.0,3.4179,7497252000.0,5.907,10446408000.0,7.1472,23104188000.0,9.5906,17511888000.0,5.128,12856964000.0,3.5819,26544784000.0,7.0369
000973,3160783103.4,2.3582,4477776063.15,4.0312,7963213245.0,6.821,7822325626.05,5.6496,4918815565.95,2.6761,4052050429.77,2.0722,4537214671.99,2.2156,12334644525.0,6.1768
000975,4858820436.6,5.1541,3625427556.54,4.032,3407403562.59,3.6724,5712228641.49,6.2634,5824355266.95,6.1937,11745864597.6,3.3853,8315464216.06,2.3451,28072835028.0,7.3724
000983,61654440000.0,9.6696,67120560000.0,6.5634,71023200000.0,6.3388,73864128000.0,5.2492,56280432000.0,3.6724,33087600000.0,2.0694,16638336000.0,1.0166,31165368000.0,1.934
000988,3617900000.0,3.6402,3279133000.0,3.3368,7027158747.84,4.5149,8242828846.0,4.9379,7200222386.56,2.729,6603174243.12,2.5143,7583402538.32,2.8328,21155108084.0,7.4231
000997,4492332000.0,5.4843,3207516000.0,4.0942,5835960000.0,6.6756,7546843990.14,5.6968,5602727992.68,4.0344,7710129323.26,5.2106,8526555988.86,5.0698,31662486126.1,16.553
000998,5184900000.0,5.3413,4485600000.0,4.7264,5621616000.0,5.9129,7589736000.0,7.2405,6930000000.0,5.9941,8681904000.0,6.5693,13033968500.0,7.5938,30679880000.0,14.8852
001696,5627350982.4,4.6124,5585769571.2,3.7222,11221390636.5,6.3504,7300540768.95,3.4975,8364795587.4,2.8917,6110453514.2,2.0533,5816736753.6,1.9115,30457718200.0,8.9907
002001,18929600400.0,17.4672,8934607200.0,4.5523,14712505600.0,3.5596,19847363640.0,3.8714,15919995780.0,2.6994,13052509080.0,2.0911,13916384820.0,2.0542,27669431790.0,3.8991
002008,7893480672.0,7.8297,6154977296.0,3.2243,7589281960.0,3.7397,12602385640.0,4.8489,7415215860.0,2.488,14057578236.0,4.0568,18439560961.3,5.0031,35860911000.0,8.4732
002022,7573500000.0,15.3576,7158535312.5,10.8658,8417945250.0,10.5094,6562059075.0,6.9252,5311674225.0,5.1682,8289953100.0,7.631,10795645575.0,8.9909,25203027564.0,19.2788
002024,76689445120.0,16.0902,66041456640.0,7.1389,75768974508.8,4.9134,84444277222.6,4.3301,63175793150.0,2.7162,46217850119.0,1.6002,51238319461.0,1.8336,1.43378697002e+11,4.867
002041,4035680000.0,5.7349,3722400000.0,5.2213,10032000000.0,11.5534,7360320000.0,7.3176,7451840000.0,6.4165,8733120000.0,6.1148,11929280000.0,6.7773,21193920000.0,10.1513
002048,6818549400.0,6.6685,4907775600.0,4.4304,6720609000.0,2.8509,6998507600.0,2.5412,4176659909.4,1.5138,5152058298.0,1.3208,6864110592.5,1.8509,17788384032.0,3.7752
600000,1.59197091869e+11,5.0669,1.49742641534e+11,3.3275,1.62649440689e+11,2.2525,1.97152844027e+11,1.5275,1.63777479024e+11,1.0428,1.95301845715e+11,1.0452,1.78513721442e+11,0.8238,3.34456742202e+11,1.1715
600004,15640000000.0,2.7454,10557000000.0,1.77,10430500000.0,1.6426,9292000000.0,1.3836,8142000000.0,1.155,8107500000.0,1.0885,8027000000.0,1.007,21930500000.0,2.4934
600008,22176000000.0,4.6055,14322000000.0,3.0412,13244000000.0,2.6827,13244000000.0,2.5434,11748000000.0,2.1553,18414000000.0,3.2117,13398000000.0,2.195,37166935482.0,4.4962
600009,42161850842.2,3.5496,26958148687.5,2.1877,25243155668.8,1.9296,25821243203.2,1.7863,24838494394.7,1.5792,26283713230.7,1.6215,25686356111.8,1.4716,61258009061.9,3.2089
600010,35264033014.7,2.4171,23766487888.5,1.6691,21519206257.7,1.725,43423831134.8,3.4178,41368265164.0,3.2061,38492462839.9,2.011,29609586799.9,1.5656,2.15226475536e+11,11.355
600015,49476000000.0,3.572,50853483540.0,1.8178,53099221282.2,1.681,83566654467.2,2.2462,67195809862.6,1.0137,73223568545.4,0.9403,73552355384.3,0.82,1.406933673e+11,1.3355
600016,1.35713844341e+11,2.7858,1.31008093843e+11,2.307,1.43369067029e+11,1.5469,1.59754103262e+11,1.4473,1.79837810339e+11,1.295,2.96704021474e+11,1.6675,2.11328802271e+11,1.0013,3.559990304e+11,1.4011
600019,2.1644832e+11,2.3383,1.103256e+11,1.1952,1.0980024e+11,1.1088,1.11026384878e+11,1.0287,84758312745.9,0.7866,78899562386.0,0.7099,64898596200.6,0.5796,1.45094430804e+11,1.248
600028,1.17308399967e+12,3.7297,9.0950858511e+11,2.663,7.37838511357e+11,1.8783,6.95354272747e+11,1.5603,5.8169556841e+11,1.1893,6.04346022997e+11,1.1,5.95656854007e+11,1.0178,9.08034072e+11,1.3522
600029,46716221040.0,3.6044,34446651750.0,4.7473,52023185500.0,4.4174,75595265900.0,2.6762,47811551290.0,1.4755,34165133160.0,1.0417,22973106780.0,0.679,1.0151364278e+11,2.7104
600030,2.27027210624e+11,4.3507,1.74580211908e+11,3.0598,1.29227813524e+11,2.0418,1.26708235836e+11,1.7591,1.52914688592e+11,1.7479,1.43109640116e+11,1.6388,1.24711403088e+11,1.4124,3.58159692084e+11,3.4441
600031,37725760000.0,7.5283,39015360000.0,6.4335,42380112346.4,4.5877,1.27878011347e+11,9.1395,1.13298095564e+11,5.0429,70376497301.9,2.8553,39681986032.8,1.6059,1.0335595928e+11,4.4242
600036,4.36214643069e+11,5.8347,2.61788035987e+11,3.1859,2.8330087466e+11,2.3965,2.97757202613e+11,2.0855,2.51799025688e+11,1.4205,2.93010348658e+11,1.3667,2.5598143285e+11,0.9035,4.74889692648e+11,1.4333
600037,18563711912.2,4.608,12607691077.2,2.9036,16276539784.3,3.5943,11377672435.5,2.1616,8726806715.28,1.6308,8090607382.2,1.4581,10805150674.1,1.8501,46009701760.0,7.1594
600048,42425537117.8,3.5018,72049842809.2,5.1153,49050833249.6,1.94,55438423101.9,1.8833,81313652768.5,2.2717,89010790055.8,2.0582,53749097766.7,1.0218,1.3578225776e+11,2.1643
600050,2.06454848887e+11,3.7096,1.36506080784e+11,1.9365,1.06830845831e+11,1.5035,1.19336837704e+11,1.6788,87118011183.4,1.2225,79699202445.2,1.093,68253040391.9,0.8991,1.8758987814e+11,2.3935
600056,4109428512.0,3.1159,3327249744.0,2.9034,4645711324.8,3.0918,6654499488.0,4.3747,6797540131.2,3.8513,6371527780.8,3.0236,10352949515.0,2.2991,22923303376.0,4.4177
600058,34837098107.5,4.0289,18629808157.2,2.2466,17782998695.5,2.0596,37259616314.4,4.0709,28620015983.7,3.1036,16378795664.1,1.9574,11898208892.1,1.3855,31385545296.0,3.6731
600059,7084569600.0,5.6391,3938976000.0,3.0695,6596157611.57,3.264,6951677174.85,3.2573,9986290589.99,4.3073,7878567464.83,3.1798,5078850904.0,1.9885,11521469850.0,3.061
600066,8666595022.41,4.3482,6379071441.21,3.469,7658005079.79,3.3792,11635176760.7,4.4548,15716501564.7,2.7228,22978237102.2,3.0263,19755239959.6,2.1854,52674281801.6,4.7105
600067,5678475880.87,5.4994,7238570803.61,4.8771,5722209737.86,3.1172,6340031868.94,2.6261,6943143948.1,1.9974,10014602542.1,2.351,6286146551.52,1.3167,19040496348.0,3.5237
600068,16121161230.2,3.6741,19168860099.2,3.6952,25039955451.3,2.5682,36374197130.1,3.3906,25946694788.9,2.2201,17541918654.3,1.3579,17682345262.1,0.9827,60921205002.0,2.8672
600073,3168396000.0,3.6214,2598156000.0,3.128,2754972000.0,3.632,3831300000.0,4.9915,4886548108.4,2.6622,6312622352.28,3.302,6631245236.46,3.363,14881765578.0,4.7801
600078,8945001487.32,6.7577,5074957594.32,3.3963,4755739657.8,3.0685,6104935044.0,3.8203,6367325194.21,3.6553,5141565401.36,2.9017,3789916764.92,2.1476,9448289554.0,5.3
600079,2396767825.76,2.5328,3030977493.94,2.974,8191443365.82,4.5572,10662552360.5,5.3128,10574497119.5,3.878,13806552935.3,4.5002,14097200738.5,3.1811,32273401210.9,4.3792
600085,9596224164.78,3.5153,8541550959.2,2.9103,14682092776.8,4.6826,17281015904.0,5.1341,19635150680.6,5.4096,30702709088.1,7.3666,22118835253.0,4.2257,57437176164.0,8.5442
600086,2923937877.6,8.1832,3959645993.28,10.8766,3071896179.84,8.132,6777899369.28,14.8941,5069333260.08,7.9871,7718491433.52,9.1851,6136746726.24,6.5696,14850000000.0,5.6549
600088,4718028900.0,5.7338,3148509000.0,3.7048,5783313900.0,6.1213,4484139660.0,4.4973,4354885080.0,4.2325,4736020380.0,4.4692,4726077720.0,4.2374,15818772060.0,13.7767
600100,19576986876.5,3.673,15944159441.3,2.2502,23916239161.9,3.2322,22043605287.7,2.7414,18346481226.8,2.135,16199764030.2,1.7592,18901787246.8,1.7737,93837039174.0,5.5513
600104,80839698970.6,2.1449,98658498095.4,2.702,1.06386915382e+11,2.3514,1.56566623446e+11,2.2138,1.71006538416e+11,1.5722,1.72329606411e+11,1.3483,1.60973272783e+11,1.1165,2.7508788667e+11,1.6656
600108,9425386236.24,5.7171,6485357502.0,3.7712,8615476456.16,3.3192,11377292497.5,4.2802,10941662980.0,3.8905,14757616617.2,3.3769,11389453457.9,2.6067,24297500448.0,5.1356
600110,9038402249.32,6.9855,7317447098.4,5.5768,7753103533.78,5.8703,7684084807.96,3.746,5153398194.56,2.6211,7074419396.55,3.5773,5832082331.79,2.9259,12802973673.0,7.112
600118,6328056913.32,4.7986,6571308133.6,4.4471,12606758522.4,7.6334,13720778570.8,7.4282,12245759620.6,5.9626,16590437809.4,6.822,20859108341.4,5.1014,90578665060.0,20.7469
600122,5844552000.0,4.7791,5445892000.0,2.4204,6036678000.0,2.4479,7680313488.0,1.8672,5403406392.0,1.0396,4553814192.0,0.8076,5844938752.0,1.0298,20978175720.0,2.4083
600125,6929308405.5,3.1374,7421389727.05,2.943,15616050102.2,5.4684,14360740614.0,4.3345,12350236928.0,3.2557,9478088805.24,2.2649,6423167620.08,1.4484,18930067550.0,3.9766
600132,9239010169.82,9.6987,9756859351.68,8.8546,17403604280.1,14.0537,24730928217.8,16.9767,11383002577.0,7.7956,8808275803.6,5.7737,6998223523.08,4.4834,12984947296.0,9.9977
600138,8178241500.0,4.3769,4647766500.0,2.2945,6267631500.0,2.8655,5673681000.0,2.3749,7036029000.0,2.7062,6504381000.0,2.2251,10288179200.0,3.4414,20137228800.0,4.4912
600143,14799983520.0,5.6594,13364505000.0,4.6094,12163515000.0,3.9868,22804845000.0,6.2392,17765735000.0,2.3231,15358552000.0,1.9075,11673600000.0,1.481,40550400000.0,4.9416
600150,67514511222.2,6.5274,41893449897.7,3.3076,41608550586.4,2.8529,45358620591.5,2.7236,33530661249.8,1.8559,26597669641.4,1.5119,26763043753.2,1.54,84892044160.0,4.8426
600151,7829770240.0,6.3037,9746042880.0,7.8644,6744381440.0,5.1242,10704567481.4,4.0171,6893818056.0,2.7323,9451360021.32,2.5691,8751259279.0,2.2906,19215265063.0,5.2593
600153,14331274036.8,2.905,15465344008.6,3.8221,14495652021.0,2.847,18170536016.9,2.7619,17834873405.8,2.1112,16536977976.0,1.5858,15877122968.0,1.2663,53216713385.0,3.0105
600160,5618112000.0,2.9672,4393152000.0,2.3258,6222796800.0,2.9855,22103178240.0,8.1477,17484773056.0,2.9659,11363685568.0,1.93,9797055294.91,1.3129,21423136280.0,2.9486
600162,6100138874.88,5.4938,6127144699.62,5.6172,4061728754.51,3.0101,3915844356.9,2.8617,4745081985.42,3.4407,6111788447.24,4.223,3785316211.67,2.2615,8837523026.0,4.726
600170,8919295200.0,2.445,9221400360.0,2.4064,7660523700.0,1.8504,14588833798.0,1.8479,18663674400.2,1.7429,18363020413.6,1.5147,16401831326.9,1.2339,84987963589.1,4.4009
600171,4067348739.44,2.2674,4069798948.92,2.349,4784035188.3,2.8584,4905320587.44,2.897,4642535555.97,2.7025,3678990440.58,2.1128,6738077730.0,3.838,19634759292.0,12.2421
600177,32463998513.1,2.7343,26051356831.5,2.4606,23824745136.5,1.6462,22577842587.3,1.5189,21330940038.1,1.6595,16788652180.3,1.1875,14896032239.5,1.017,52481237769.0,2.8248
600183,8507938363.82,4.0554,6957560394.26,3.3369,8737623988.94,3.7334,10191000216.7,3.655,8438498459.7,2.0241,7314314010.6,1.761,7698528948.9,1.9372,18086562593.0,4.3518
600188,1.15238112e+11,5.483,75448256000.0,2.7871,93449600000.0,3.0549,1.63389248e+11,4.1386,1.12090336e+11,2.5045,71169248000.0,1.5699,33445120000.0,0.8264,78300928000.0,2.0704
600196,17861091936.9,4.6066,17823958689.6,4.2646,27931087998.0,4.2342,20853096385.8,2.3352,19710460967.4,1.974,27893756431.8,2.001,45746788893.6,2.9271,81915321376.0,4.68
600197,4321800000.0,4.6105,3638250000.0,4.0085,6826680000.0,6.6339,5596290000.0,5.1378,6809040000.0,5.569,5371380000.0,3.9023,4246830000.0,2.7082,7660170000.0,4.4702
600208,22631237922.3,5.8849,28811089674.2,6.2742,23656972957.7,3.7601,29004182560.3,3.3332,30370399905.0,3.0391,21530470856.1,1.7025,18463630530.7,1.4251,73568713280.0,3.6875
600216,11490031800.0,12.4043,8920189200.0,4.682,13915855200.0,4.1726,13951860000.0,3.4489,10963461600.0,2.3531,11441320000.0,1.7831,8593471440.0,1.3126,14650090200.0,2.2181
600220,13963554752.6,5.2557,12001880394.0,4.3149,10325540487.5,3.6264,9344703308.24,3.2134,6045523705.14,2.1154,4583184637.82,2.9859,5278687364.96,3.2267,16531564581.0,9.7548
600221,25523727751.2,3.2117,18392617093.2,2.9787,22731454831.5,2.3229,30198593351.4,2.4119,20379925021.3,1.4357,30760009019.8,1.2799,20709709043.0,0.8187,68342039898.0,2.2994
600240,3676500000.0,1.934,3760350000.0,1.8729,3476550000.0,1.656,5624400000.0,2.3504,6559650000.0,2.3127,6978842640.0,2.2874,5967622584.0,1.6798,28826892864.0,7.5781
600251,17191980000.0,45.323,8589012000.0,10.5188,6184668000.0,7.5031,10620393000.0,11.9534,7647552000.0,7.2329,6097764000.0,4.8618,5876883000.0,3.9457,12635956328.8,6.5068
600256,14160101355.8,5.7491,14575810761.0,4.9391,38491572417.5,11.4159,45731930212.6,11.338,55403970619.1,7.9236,73556568203.3,8.5112,37437614984.3,3.6638,59002099110.0,5.3605
600261,2992226390.4,3.2153,3214520337.6,3.2081,5544860256.0,5.2409,7380658584.0,6.557,8054330918.4,3.5705,8983676793.6,3.72,10184081882.4,3.9414,15522980321.7,5.5682
600266,11122410000.0,3.2456,11478090000.0,3.1519,8514090000.0,1.7405,12057552000.0,2.2489,13880412000.0,2.3143,11132784000.0,1.4497,7981459200.0,0.9175,34114460800.0,1.7966
600270,10711848747.6,2.375,7424950104.0,1.7869,6881661072.0,1.3981,7596991630.8,1.4912,7261963394.4,1.4733,8357596275.6,1.5694,11010657715.2,1.9449,29400990799.0,4.2448
600271,17772372000.0,6.401,14515848000.0,4.5515,14977548000.0,4.1165,22124664000.0,5.0362,18135576000.0,3.6083,13971042000.0,2.4711,18477234000.0,2.8937,93263400000.0,13.2636
600284,3039700000.0,3.607,4587960000.0,2.1559,3636460000.0,1.6203,5255740000.0,2.196,3901219200.0,1.5183,7457110400.0,1.7382,6923469600.0,1.4819,12807379200.0,2.6614
600289,4807337525.76,3.5847,4709372260.98,3.3411,4860015861.42,3.3933,5012067342.6,3.3179,4175882678.82,2.3003,4600579957.98,2.4241,5126712310.98,2.6896,17957535855.0,9.1823
600292,2384985000.0,2.5912,2903460000.0,3.735,2796420000.0,3.0833,4943910000.0,5.2359,6239727432.84,2.3837,10954074410.4,3.9258,9295607069.76,3.1928,20355295696.5,4.2113
600309,35578722816.0,9.7852,28792318464.0,6.8916,29025185280.0,5.4342,37084040448.0,5.6042,32694500966.4,4.2349,38078714419.2,4.208,36435340032.0,3.4921,60912968499.0,5.5073
600316,8124984000.0,4.185,7211232000.0,4.02,11427192000.0,5.76,20337367560.3,4.3143,11151130661.6,2.4755,15116773913.0,3.2669,11351922725.0,2.3818,34665314930.0,6.9704
600325,12786763953.0,6.2005,16700412472.8,3.6044,8668854028.2,1.6584,8350206236.4,1.4673,7672058371.8,1.2264,6185035343.4,0.946,5351648811.0,0.8377,12819445464.0,1.8294
600348,22655100000.0,6.4699,25290980000.0,5.1058,40221220000.0,5.9172,58080750000.0,6.0961,45719050000.0,3.6376,28547350000.0,2.0564,13780650000.0,1.0411,27609400000.0,2.1003
600362,89989760052.8,4.6398,93979900572.4,4.4956,86543729604.0,3.6696,1.14304697659e+11,3.1928,88992145708.5,2.1832,72717317505.0,1.6592,42314553329.1,0.942,91416056160.0,1.9909
600366,3189886050.0,1.9707,4586945325.0,3.1027,6518290725.0,3.7384,7123815000.0,3.8466,12553745100.0,5.006,9847486935.0,3.4638,7156663702.5,2.3407,18772371002.0,5.8756
600376,13053976000.0,3.6241,15046084000.0,3.9641,16268962500.0,1.6629,16291957500.0,1.5364,20701248750.0,1.7284,14752442250.0,1.124,10021795875.0,0.7168,30850092000.0,2.0324
600383,19147735382.9,2.2437,28931372305.0,3.0911,28081073832.2,1.7624,26381900574.8,1.4755,31345275089.7,1.5041,34654191433.0,1.453,35682638404.6,1.2251,61443220680.0,1.9499
600387,3070980000.0,3.1023,3269970000.0,3.6004,3014550000.0,3.0187,5054049000.0,5.3708,3559842000.0,3.7195,5965245000.0,5.5029,5455593000.0,4.5765,10949796000.0,8.1826
600395,9991683000.0,6.7371,28941340200.6,4.9776,22729378884.2,3.9815,33222407679.8,4.831,36653881870.5,4.7959,21283966932.5,2.713,11105397987.3,1.5099,23005221410.0,3.7855
600410,6659580992.4,5.1644,6265203036.84,4.3651,6011644415.04,3.8463,7179141095.46,4.2673,6173875844.52,2.6275,5043611444.68,2.1002,5904751381.52,2.4958,30719414091.5,13.0859
600415,12426881263.3,7.5141,23378604885.9,4.0803,25270121812.1,3.837,33244430579.9,4.5093,24902704855.2,3.1041,17336637150.6,2.0497,14070708645.0,1.5995,84097659019.2,9.4072
600416,3713000000.0,3.2808,5738700000.0,4.7672,6290950000.0,4.72,7727753683.4,3.1362,4630567364.62,2.0033,3638737561.16,1.7626,5537209332.2,2.6187,16830691464.0,4.4681
600418,6727205234.7,1.6288,7539109314.75,1.9197,8763409118.0,1.9142,13067789478.9,2.2952,8351013394.8,1.4337,11268624094.0,1.819,13106039425.2,1.8634,23879962560.0,3.3059
600428,22407840000.0,6.1127,14270256000.0,3.2013,9684030588.75,2.2594,12103596173.9,1.811,7995811438.89,1.2121,5984180231.22,0.8853,5037530251.14,0.7767,19676796096.0,2.8971
600439,7473786000.0,6.7126,4864125825.0,3.847,6983627040.0,5.131,7798121920.0,3.8204,5966506590.0,2.7593,3886483344.0,1.7591,3952515828.0,1.7278,9301147032.0,4.0604
600456,15024878244.0,3.9283,9190475352.0,2.3922,11191210857.0,3.0864,10606049505.0,2.922,9186172695.0,2.5331,7198345161.0,1.983,5890337433.0,1.6266,12099071484.0,3.3626
600458,2145729600.0,5.1695,3016282752.0,6.5581,6981757888.0,12.4351,9105209344.0,5.847,7579052096.0,4.3518,6471941414.4,3.52,5635316223.84,1.8188,21324248504.0,7.4034
600460,3042722400.0,3.4847,2472969600.0,3.485,6061200000.0,7.0684,7071163200.0,4.1834,4683723200.0,2.7122,5651721600.0,3.3207,7096385920.0,3.1361,14691639040.0,6.0628
600467,7216704000.0,6.4681,4479552000.0,3.6444,5867136000.0,4.482,6931584000.0,4.9005,6318800364.8,2.3283,4770146402.56,1.6476,3762060332.8,1.2843,9547598404.0,3.2827
600468,3807936000.0,9.0289,4324320000.0,9.7607,6546355200.0,13.1595,12742963200.0,24.3847,5994362880.0,10.9198,6094725120.0,10.5944,4657720320.0,7.7242,15095393280.0,23.2927
600481,6325400053.12,3.3768,7898311699.2,4.1368,12928928686.0,5.9706,11227839167.2,4.7905,6788645650.94,3.2173,7339536939.9,3.3181,8052433163.6,3.9685,21727225296.0,9.4946
600482,5877750000.0,4.4283,6827410000.0,6.6679,7034860000.0,6.5158,6956490000.0,6.1608,4642270000.0,3.8676,4356450000.0,3.3894,5366938000.0,2.6925,22779790000.0,10.8099
600487,2480171600.0,2.2883,3157941200.0,2.7276,4460322000.0,3.3655,5293028827.8,2.5948,4487477883.35,2.0418,4630364811.8,1.8672,5726387953.2,1.4908,16293727032.0,3.9408
600488,4788289561.86,3.3555,4071674797.5,2.7517,4598278071.31,3.0055,4348548683.73,2.7053,3121617344.75,1.8543,4823491899.2,2.1091,4025982282.4,1.7313,9944849250.0,4.1625
600489,23495371963.0,6.2482,30190367063.5,7.5477,46961994618.0,11.4365,46520836486.7,8.8642,45286480415.5,5.1328,36231146491.1,3.4728,22603997161.0,2.2354,44766510048.0,4.494
600496,2518500000.0,3.2674,2746200000.0,3.2077,3339810000.0,2.4027,6373890000.0,3.8414,4933020060.0,2.4845,4868497800.0,2.2724,3836141640.0,1.6425,15195078712.0,4.4468
600497,19336200000.0,8.067,15849600000.0,6.7363,18381651128.6,4.2528,27078671372.1,6.0053,21105642516.4,5.6644,19727245328.7,5.0959,14307672436.2,1.9456,27181242670.0,3.8131
600509,8327346642.2,4.5001,7284789070.46,3.9693,7009396504.34,3.7183,7311016933.9,3.6356,6065193420.5,2.6197,9455472357.84,2.208,7680307049.28,1.7281,13603562932.0,3.0015
600510,3059828184.0,2.9454,6730122042.0,2.0521,7454047699.0,2.0607,7183569981.0,1.8309,5942554569.0,1.4686,4789046654.0,1.1199,4200359856.0,0.911,14319408600.0,3.0387
600518,7644000000.0,3.22,12368901379.6,4.0886,23755068129.0,5.349,27747776775.5,3.2269,27901686789.3,2.8907,40852115094.1,3.6668,33596357300.2,2.6629,97842795250.0,6.7129
600519,1.58690532e+11,17.4242,1.11141888e+11,8.9188,1.25176194e+11,7.957,1.98094182e+11,9.7666,2.495473266e+11,8.925,2.04625278e+11,5.4216,1.590699396e+11,3.4366,3.1000677708e+11,5.3648
600521,5445918095.8,5.4915,4180190977.93,3.7221,7944457450.8,6.4469,6926489685.1,5.1005,7211951546.15,4.4508,14710964317.1,7.1837,8065054323.17,2.6359,19937960065.3,5.9971
600522,3095278290.0,4.0703,5100767700.0,3.7745,5918815350.0,3.3994,7551702620.0,3.7107,7214123243.52,1.6663,7453654679.34,1.625,8996518927.71,1.7221,27798368850.0,3.458
600546,2880000000.0,4.5735,4905000000.0,7.7729,17902500000.0,6.7031,22042500000.0,6.3131,28170701749.4,2.9187,15225263155.2,1.8271,7612631577.6,0.9439,17287017192.0,2.775
600547,21641373644.7,11.4006,34829697185.8,14.4316,57748278316.6,18.2967,63369414328.2,15.1025,48868306490.7,7.776,45723316469.0,5.5862,22000699427.7,2.5702,42265250280.0,4.6235
600549,7806048000.0,4.3007,12296099400.0,6.2177,14103346400.0,5.9268,27524712800.0,10.3625,33287443800.0,9.3623,22675835000.0,5.9768,16885824800.0,4.0111,35248496660.0,4.7202
600557,5752443615.74,6.7102,4437827749.12,4.5155,7078782879.36,6.3619,6359394372.3,5.076,5257930641.15,3.5414,12972333226.1,7.9087,12926612090.1,6.6249,17625307756.0,6.8298
600563,2819250000.0,3.2134,2358000000.0,2.4249,4754250000.0,4.4368,5028750000.0,4.0398,3710250000.0,2.642,4731750000.0,3.1147,6756750000.0,4.0092,9729000000.0,5.3183
600580,2765166112.0,2.9407,3963593638.0,3.7955,7753863612.8,6.1006,5999266632.4,2.4831,4030090510.16,1.6269,3885667471.4,1.4899,7651532656.04,2.0948,22610335828.0,5.8971
600583,47120832000.0,11.546,37208976000.0,4.4769,22403174400.0,2.4757,25203571200.0,2.8582,23492217600.0,2.4693,31193308800.0,2.9648,32408530684.0,1.913,61368404624.0,2.9436
600584,5432391360.0,3.3711,3681208960.0,2.3176,8003276160.0,4.6959,7396668398.7,3.0389,4547202141.3,1.8843,5297959718.1,2.1856,7174853660.1,2.9473,27843639600.0,7.2964
600585,1.01622959123e+11,8.8623,76504264898.8,2.973,60747671897.3,2.0623,1.29514955031e+11,3.4118,91783920668.3,1.9916,89558213585.1,1.8052,86431625063.5,1.4726,1.40484511926e+11,2.0311
600586,7352442902.0,3.3502,8196262593.0,3.6222,6213581361.0,2.5555,10997528202.0,2.5512,7028174556.0,1.5851,5705056674.0,1.4012,4239668052.0,1.0189,12534052194.0,3.2278
600596,17990119466.0,11.1757,10384540504.8,3.403,7966835745.09,1.987,7504990194.65,1.8612,4462243038.81,1.1389,9474625630.35,2.2787,6099078004.34,1.3753,11050333442.0,2.5772
600597,9241587007.2,3.6953,7397437176.0,3.7109,8689383950.4,4.0754,9044046763.2,3.8417,10460457799.2,4.1989,17536238476.9,4.309,21367480659.5,4.8754,24071253852.0,5.2555
600600,32849383559.6,5.9245,32116780819.9,5.0632,47162809373.4,5.5448,46541357287.8,4.6559,50486227049.2,4.3669,52566740553.4,4.0571,57416768787.5,3.9314,70264615428.0,4.4176
600601,9737384841.36,3.5661,7372098097.98,2.6122,8770552303.92,3.0222,8603973519.68,2.0834,6057899723.04,1.4283,5926206250.8,1.3752,6365184491.6,1.4644,29060359488.0,8.1682
600616,6207201617.46,6.7629,5848953232.0,5.9566,5147078844.16,4.8934,5356178917.32,4.5546,5987865865.8,4.8189,3803281835.64,2.872,4178707839.04,2.1432,8460339648.0,4.3012
600628,6530495035.6,4.0782,5865745948.1,3.4762,6158235546.6,3.3807,5573256349.6,2.8372,3956586568.8,1.8736,3520511167.4,1.5427,4254394160.0,1.737,7588776011.0,2.9107
600635,19947784454.4,8.375,18482355011.8,7.8325,10990720820.1,3.7831,10362679632.9,2.8429,8898745526.03,2.3323,7796682771.42,2.0132,8059861936.7,2.0316,36022648620.0,7.5765
600639,11019242520.0,3.6973,12986662832.0,4.0284,7633253056.0,2.2428,9789815921.6,2.5553,6780422792.0,1.6472,8294407607.2,1.8878,10170634188.0,2.1781,25524111000.0,3.5488
600642,34357720366.1,2.4278,28000530727.3,1.9996,24937521174.0,1.6464,24967927036.8,1.3714,20617454901.6,1.0752,20302090889.4,1.0296,19801366674.6,0.9191,57492243729.0,2.4383
600643,7623450930.0,7.0136,8606043079.12,8.0292,6948826013.36,6.0103,8565022854.72,6.6955,7629761738.4,5.4695,9065035941.6,2.0992,10568505317.3,2.1936,27781018684.4,5.2011
600649,22537364367.4,3.1039,31231111240.3,2.9435,20430064674.5,1.7686,18108988710.3,1.4613,18131969660.5,1.3688,22137549268.4,1.5978,19747530454.0,1.3807,21599794905.0,1.1662
600654,3397694193.0,3.1885,3752564475.38,3.6198,3684610591.52,3.4948,4832276185.6,4.1721,3979077421.58,3.039,3526051529.18,2.5318,6025244368.92,3.9959,50384234670.0,14.0795
600655,19624042480.5,6.038,14053814878.4,4.1333,19068471550.9,4.5023,16198618669.5,3.4198,12375342213.4,2.3567,11153618533.8,1.8576,10693675501.4,1.5851,30270001320.0,3.8948
600660,19829564686.8,6.155,16464547649.0,4.8824,18287265211.2,4.0984,19929714003.4,3.9008,17506100541.7,2.6591,18046906851.3,2.4506,16344368469.1,2.241,43273651875.0,3.1968
600674,16286296293.0,10.3937,12428679445.6,6.5682,12379868371.4,2.3531,13322119091.4,2.2336,14143994792.7,1.7389,22271434827.7,2.5542,24084630870.5,2.2103,58460424512.0,3.7083
600675,11174067607.0,3.7617,15656751009.3,4.6543,10155671574.8,2.6492,9377730158.94,2.1335,8028355413.12,1.5411,9428649961.92,1.6265,8837414485.76,1.4604,23207548342.0,4.6176
600685,18743333506.2,7.1151,10788918019.8,3.6815,9947966133.8,2.9985,13356294660.0,3.4617,10109231024.9,2.4138,7196074756.26,1.7206,17663363918.1,3.3115,95920542811.1,9.5588
600690,16263003055.5,2.511,17025958754.4,2.475,24695671306.5,3.8183,34785407549.2,4.586,32194679204.6,3.5946,34184132967.2,2.8933,40948580897.0,2.56,93790192875.9,4.1053
600694,11836861715.9,3.9337,8415039408.45,2.6966,12650462384.7,4.1755,11804552664.1,3.466,9898318606.1,2.5068,10459321233.3,2.1628,7830539288.98,1.3645,17020998665.0,2.6638
600702,3356135000.0,1.9275,3450579000.0,1.9382,3858712000.0,2.1097,6668421000.0,3.527,10925147000.0,5.1031,6061281000.0,2.5299,3639467000.0,1.6198,8773173000.0,3.8995
600704,6524433503.88,4.002,5137850852.28,3.2307,7224435461.6,2.8229,7580167542.08,2.3235,7180517920.8,2.0234,5438748249.92,1.3331,5920962847.66,1.3685,39640608960.0,6.6128
600720,3440391265.08,3.8136,4525163654.76,4.0869,5865043800.2,2.6822,8548241976.0,3.2778,6197475432.6,2.2413,6652210572.94,1.8313,4867340068.14,1.196,9175751346.0,1.9451
600736,5730192000.0,2.4109,5165988480.0,2.0142,5051384640.0,1.8705,6611760000.0,2.2851,6178028544.0,1.9846,4527733248.0,1.3908,3882425472.0,1.1343,16636500097.0,4.7241
600739,27319939264.8,6.0176,26375221583.8,4.9278,24954259892.5,3.6901,23991199830.7,3.0753,24209952135.8,2.4409,20757236301.4,1.9577,19528997467.0,1.7261,51948944808.0,3.3491
600741,12516780723.0,3.4197,22499673524.2,2.202,21001417422.8,1.6238,27123601837.5,1.7591,26038657764.0,1.492,24953713690.5,1.2255,24772889678.2,1.2584,58741972548.0,2.3766
600748,16553906939.4,7.1453,16629742900.5,6.3131,8721135527.65,3.3838,8471960226.86,3.2179,7031076965.77,1.4295,7897773664.17,1.6284,7854438829.25,1.401,21234069640.0,4.3641
600750,3825687024.0,4.3298,3659996016.0,3.7862,10843884720.0,9.9533,8077454000.0,4.4979,8677973500.0,4.4873,6944868000.0,3.3324,4737000000.0,2.2795,13140000000.0,6.1372
600761,6136047459.63,3.0204,3708757016.03,1.801,4329857806.01,1.9528,5654158915.68,2.2053,5341466788.84,1.8761,4883137237.0,1.5633,6178453640.92,1.7008,13656335022.0,3.4818
600770,7877250000.0,10.2336,5929200000.0,9.0331,8501372000.0,6.3855,14720636000.0,4.3599,9381736000.0,2.6456,8527512000.0,2.7645,13988000000.0,5.8769,34788000000.0,10.5408
600780,5307481146.24,3.3304,5569363439.64,3.3629,4504375446.48,2.7071,5927269240.62,3.5627,7796217156.4,2.332,9389855663.37,2.5651,5973278144.83,1.4782,13104523575.0,2.9241
600787,6035848034.58,1.9186,5512593809.36,1.7881,5931125640.92,1.4324,7586128121.46,1.8213,8090189790.66,1.8679,8201843173.44,1.4994,11521636838.9,2.0337,27618451740.0,4.5198
600790,4015857414.69,3.5216,4003481891.07,3.4211,4814078688.18,3.6973,5117279016.87,3.8551,4937833924.38,3.3791,4977246119.58,1.5973,5114160656.85,1.5445,14008773030.0,4.0186
600795,43800063226.3,3.3034,35464976567.6,2.4561,37682729268.2,2.3519,46953440299.5,1.8554,39102809452.3,1.4131,45831501747.5,1.2706,39456510007.9,0.9928,1.40696848964e+11,2.9132
600797,7439347979.25,5.1738,4536782702.1,3.1169,5203478368.0,3.2542,6230862863.0,3.6194,4243722814.8,2.2476,4557472277.85,2.4749,5739212965.5,3.1803,8225337120.0,5.4117
600805,2994494082.12,1.7842,3152673186.64,2.7195,5149002574.72,3.1678,9218023685.0,3.8133,7998408243.6,2.4504,10295823377.4,2.4118,7641032556.12,1.2935,15988307655.0,2.4812
600809,7342393295.68,5.5671,8935554105.12,5.5069,17654646143.7,9.248,30291701586.0,13.0304,32945526521.3,11.0436,24590090754.4,5.7088,11983340001.4,2.8707,20927553411.0,5.0764
600811,11763799462.8,2.6988,10244442260.2,2.1146,9467454524.32,1.7442,12201015337.7,2.1197,10134176673.9,1.5323,10184180835.1,1.3078,9117425395.78,1.052,23435283924.0,2.2492
600820,8164092592.11,3.5863,8648216681.13,2.3296,6557680842.18,1.6173,7812002345.55,1.739,6873095021.39,1.4092,11895719481.1,1.0594,13396525245.9,1.0475,68258326331.0,4.287
600827,6261980801.35,2.3036,5403587271.35,2.1218,8115681637.98,2.8677,7865459923.72,2.7549,19877600978.1,1.6986,15140737660.1,1.1992,22237420158.3,1.7069,37877682642.0,2.2744
600830,5960714440.64,4.7499,3834483984.68,3.0003,4793104980.85,3.608,4597746199.64,3.2115,4293349959.15,2.6824,3221148276.23,1.9086,3784508482.51,2.0757,7850696256.0,3.962
600831,3965323727.2,3.467,3480316499.77,2.9688,4793561704.54,3.8731,6079501814.23,4.5597,5048409291.52,3.4087,4682174242.47,2.9136,4282132881.2,2.4858,13787340095.0,7.512
600835,17846800931.6,4.2587,13858117623.4,2.9429,9920571287.6,1.938,12047869048.2,2.1222,9675113853.68,1.5493,8222824036.32,1.5832,16149053673.3,2.7221,42484590522.0,6.6183
600837,2.02157566393e+11,5.4571,1.24157821606e+11,3.1235,85322505636.6,1.9075,73721277772.8,1.6098,1.01885586143e+11,2.2014,1.1607097349e+11,1.9292,88562823703.2,1.4113,3.12156138e+11,4.2858
600839,11370286393.8,1.2392,8940575778.78,0.9948,11028608338.6,1.1518,11246902651.6,1.1263,10617361710.6,0.7963,9878762635.08,0.7086,14587331741.5,1.0375,41869334894.0,2.97
600851,8642525914.72,2.2256,5854224956.2,1.8313,6240483097.64,1.7016,11527391408.6,3.6328,7592386592.68,2.8214,8980501788.48,3.2125,8183844371.76,3.0097,18890437355.0,3.6356
600864,6627567517.48,2.6624,4556794154.64,2.5005,4748026523.24,2.1233,5403680358.44,2.4741,3753618206.52,1.5035,6042942847.76,1.7664,4742562741.28,1.6097,12626800202.0,2.7313
600872,3946975188.95,2.6321,8690587572.0,5.6401,6380339709.11,3.8613,5680023193.22,3.28,4070816061.34,2.1912,6189870997.38,3.1125,8476219744.16,3.8322,17310926356.0,7.1893
600874,15770874151.5,5.3643,9562430481.0,3.04,9105717383.4,2.7248,8991539109.0,2.5679,8163746619.6,2.2545,13401674957.7,3.575,10818391499.4,2.7584,23306639772.0,5.6272
600875,27197930000.0,19.6893,41083560000.0,16.0435,47251018800.0,5.1384,50477233400.0,4.3342,44124997200.0,3.0344,26030141400.0,1.6116,23244776000.0,1.2816,67770111600.0,2.9562
600879,9575688189.76,3.6736,7196635223.36,2.5356,9026883925.92,2.9732,9067435965.12,2.9124,7039834005.12,2.1349,8305057628.16,2.4391,10873557407.0,2.178,25468656500.0,4.848
600880,5579097854.12,6.0894,6706388482.76,6.1518,11448095231.4,8.3635,8764852584.04,5.1726,6706827222.36,3.127,9966043821.99,4.2502,11622120138.0,3.3842,18389845922.0,5.0281
600881,15233645742.3,2.9797,14021017229.2,2.1863,12846283353.2,1.8102,14324174358.5,1.9447,12543126224.0,1.5825,9265239763.62,1.1508,6915772011.7,0.8536,41859127380.0,5.1916
600884,4170211207.05,2.6439,6355977081.09,3.9691,7880261177.46,2.2815,7021567441.23,2.0557,5764341205.41,1.9739,5764341205.41,1.7807,6146439375.12,1.933,14881284004.0,3.2699
600895,13688432940.0,5.2668,22951579131.0,4.3266,14681576934.0,2.4057,14495734188.0,2.2842,12900583951.5,2.0447,10515602044.5,1.598,10128429657.0,1.4515,47730613472.0,6.4388
600900,1.37887051945e+11,3.4805,1.27910241361e+11,3.3426,1.3409e+11,2.1738,1.221e+11,1.8223,1.1352e+11,1.6445,1.2474e+11,1.6524,99495000000.0,1.2669,2.2869e+11,2.6015
600971,6974570850.54,5.867,5559474879.53,3.2773,10372260302.3,3.1335,16754063761.3,2.8761,15990065079.3,2.4315,10760043793.2,1.5294,5430022100.1,0.7817,10620043542.0,1.5644
600983,2923740000.0,4.7773,4272390000.0,6.6501,6526800000.0,7.4418,5903424000.0,5.1816,4789872000.0,3.4036,5306688000.0,3.1321,7203456000.0,3.523,12715223010.0,3.017
000338,31088223589.9,4.3827,29389851696.2,3.4839,47650213067.6,3.5595,77739823137.6,3.8256,55630790710.7,2.329,46064094082.6,1.8008,34827973911.4,1.2094,64397765437.0,2.0386
000423,15189144806.0,11.7663,8972070707.82,6.0573,23714820931.6,9.2762,28227569536.9,9.3706,26265504925.9,6.9928,28829269351.0,6.227,20595138200.1,3.7932,40418528700.0,6.2678
000612,12729467960.3,6.7965,5954183429.2,3.3232,9219380793.6,4.2538,8369469126.69,3.9874,6136650340.74,2.4668,6793173748.62,2.6884,7302197915.52,1.6343,14674704120.0,3.085
000718,14410773114.0,16.2271,20999479115.2,10.2305,14302347931.2,4.6849,13382911278.5,3.5517,16529427818.5,3.7915,14915305695.3,2.8222,8458817202.54,1.9493,44255549550.0,9.0437
000876,8084093290.0,3.1993,7044890034.0,2.5727,7075158090.0,1.9727,16006504714.2,3.9116,27976480721.0,2.7576,21651363340.6,1.8207,20956295496.6,1.5775,48559933090.0,2.6796
000886,4281626539.0,1.9218,3905871785.0,1.7289,5962634649.0,2.5736,5092465745.0,2.0292,3500452182.0,1.374,3589446729.0,1.3581,3589446729.0,1.2989,8721465606.0,3.1569
000895,23779239876.0,10.282,20397788334.0,7.9508,30590622552.0,9.6789,37680762882.0,10.2201,36377873847.0,9.3989,90289733721.4,7.1914,75413823413.0,6.1358,86086629616.0,5.2262
000939,4922892800.0,3.4384,3448972800.0,2.2362,8784563200.0,4.8361,11850316800.0,4.8963,9282158592.0,3.6137,6339035136.0,2.5746,5395726336.0,2.1321,19139735552.0,6.7754
000951,10469505750.0,4.82,8820518265.0,3.4632,7734206220.0,2.5532,7738400475.0,2.1616,5767100625.0,1.535,4903084095.0,1.3117,5007940470.0,1.1981,9781002660.0,2.1878
002056,5012980000.0,2.323,4791094000.0,2.1068,7293475000.0,2.999,11414120000.0,3.8985,7876953000.0,2.6979,6475784000.0,2.386,7396200000.0,2.4898,16834573000.0,5.178
002064,4751604000.0,3.9132,3655080000.0,2.8513,6571760000.0,4.5116,6837584000.0,3.9443,4356560000.0,2.7039,5508464000.0,3.287,6342856000.0,3.2479,18243584000.0,5.6367
002083,6728922952.26,2.6687,9938534737.02,3.8894,9919765077.46,3.8768,8089723270.36,2.9132,4823802506.92,1.6635,3847780209.8,1.37,3822680021.05,1.3412,8208320000.0,2.8868
002092,8487756600.0,3.553,7124132200.0,2.8806,16068412800.0,6.1926,14775552000.0,2.1919,10516037400.0,1.4583,8265074400.0,1.2005,8007777089.28,0.9353,19518956964.0,2.2666
002129,5944598142.93,5.1998,4939346889.84,3.2817,5938804178.4,4.2858,12944661790.5,8.0045,10436361976.9,6.1108,15863091692.2,4.5886,16513434509.5,4.6736,68727067786.0,10.443
600017,9210600000.0,3.5503,7727429205.2,2.8115,8909602036.0,2.0912,11443247721.0,2.4329,9534527052.8,1.4418,8458048192.0,0.9566,7658378181.12,0.7934,24020856959.0,2.384
600089,21549961855.6,7.9948,37157747446.8,6.6379,30555387291.0,4.2609,36026075657.7,2.9734,20583722350.4,1.5618,22481325435.2,1.614,28113307315.7,1.5123,57415168915.9,2.8647
600109,25311126947.8,9.4278,19469712943.7,8.7706,14283457530.7,5.3071,14293459952.0,4.5125,15413731130.8,4.6503,20278103570.3,3.1629,25286161057.1,3.7102,85438150225.0,8.2676
600111,15880535160.0,9.6283,15452640720.0,9.9109,34070085600.0,18.6682,85328610120.0,29.3678,1.1061474948e+11,16.1679,67066398360.0,9.6276,46721228760.0,5.9214,86684954760.0,10.3439
600158,19373040760.3,16.6422,7601653931.08,6.6989,6878452182.88,6.1492,5407941961.54,4.5233,6420826188.53,5.0728,5408343740.93,4.0555,8732661110.55,6.0113,29446365460.0,19.3774
600219,19109342636.4,2.4116,13240867078.5,1.5632,17658830539.3,1.2447,17968295258.5,1.2066,14486817167.5,0.9239,12069206098.6,0.7163,9458094874.59,0.5428,34645953368.0,1.4747
600298,3921730000.0,4.7768,4904198000.0,5.4695,9849106000.0,9.2896,10420885946.9,7.0203,8689109457.72,3.4701,5544416581.14,2.0416,4733520933.72,1.7077,11092130260.0,3.8912
600333,5279786603.52,4.5111,3258329844.48,2.7645,4347516591.36,3.3813,4476742137.6,3.3037,3401400984.96,2.4746,5004907185.6,2.677,3733819646.4,1.971,6339549006.0,3.3262
600380,10572526620.0,3.6294,7136181000.0,2.4885,12239099352.0,3.6919,12594810528.0,3.1471,8625764277.36,2.259,8192930227.6,2.0557,8084721715.16,1.9237,34812224468.0,7.5726
600406,6725932200.0,7.2135,9488232000.0,9.6063,23373698400.0,22.3532,35060978680.0,15.6177,30376378173.4,10.1257,37088171276.0,9.3061,31965026099.2,5.1092,70536803832.0,9.8562
600528,13643520000.0,3.6654,14621184000.0,3.6956,12417792000.0,2.9298,13030656000.0,2.564,11542272000.0,2.1703,9659904000.0,1.674,6814464000.0,1.1315,32583936000.0,5.3084
600611,18219506868.0,4.6282,17352661818.1,4.2214,13286370492.9,2.4759,11221703192.1,2.0245,9503773911.27,1.7797,8573885584.96,1.5654,9960837664.88,1.7809,37384662668.0,5.6008
600618,7389395846.64,2.6087,6822759858.4,2.5371,7054039853.6,3.0438,20757379569.2,7.9523,12778219734.8,4.6186,9181815809.44,3.2442,9251199808.0,3.2364,17010644000.0,7.8298
600651,4574366357.71,5.4129,4165640844.72,4.7943,6928737288.75,7.3004,6355961672.88,5.6681,4982531970.31,4.0008,4707846031.07,4.0641,4596986234.42,3.889,19477799400.0,6.5878
600776,7837440399.36,3.3717,6581440335.36,2.7648,6468400329.6,2.6987,9156240466.56,3.5808,7121520362.88,2.7473,6794960346.24,2.5254,15712560800.6,5.6799,26112242079.0,9.0244
600804,10720587979.2,6.8386,10422722542.5,5.8605,11993071793.9,3.5989,10440397320.6,3.0442,9208965841.76,2.5612,17266810953.3,4.4727,19378195887.9,4.2965,61586349020.8,12.0536
600978,7106314288.45,2.8576,5294572523.86,1.9912,5545738203.36,1.8645,7123455597.24,1.7908,6501017729.52,1.5617,6316591694.64,1.4213,7280891719.64,1.1937,28322817000.0,4.3597
600997,25461644000.0,7.782,21865474400.0,4.815,20087592800.0,3.8466,20803684000.0,3.4526,15420653600.0,2.2933,10049969600.0,1.4676,5531187200.0,0.783,11247570400.0,1.6187
601001,22779057000.0,5.6064,30770974500.0,4.466,27691366500.0,3.1873,29373435000.0,3.0274,21423360000.0,1.838,12837279000.0,1.402,10008726000.0,1.2006,19347972000.0,2.7451
601002,4482512900.0,2.9332,6025915200.0,3.7055,4416050600.0,2.7018,13048764900.0,7.1071,9769958100.0,5.9058,7222236600.0,4.3435,6127493700.0,2.6506,16162949100.0,6.9673
601006,1.94781124476e+11,4.9157,1.21981516994e+11,2.9194,1.09523830152e+11,2.4201,1.27557070993e+11,2.1348,1.10460260778e+11,1.6674,1.05108215841e+11,1.4281,99756170904.6,1.2377,1.91930278265e+11,2.1931
601111,1.50569242335e+11,4.7105,79511341151.8,3.8312,1.29864440094e+11,4.9793,1.22086810753e+11,2.8271,81348233986.6,1.7317,69480027831.2,1.3415,42917983293.1,0.7886,1.5335328172e+11,2.735
601166,1.725e+11,4.1052,1.4685e+11,2.8245,1.403e+11,2.2736,1.51441212321e+11,1.5596,1.4410645275e+11,1.1626,2.35486882242e+11,1.2991,1.87284470262e+11,0.8726,3.56469221528e+11,1.3707
601318,4.13526502704e+11,4.3946,3.20023973762e+11,3.8656,3.51019004865e+11,3.9145,3.70664450041e+11,3.1176,3.3382371202e+11,2.3751,3.13558388264e+11,1.8616,3.15695845771e+11,1.6308,7.98937950387e+11,2.5385
601328,4.31640520423e+11,3.1902,3.57169057195e+11,2.3459,3.17483606395e+11,1.8175,3.20117359555e+11,1.355,2.85911497586e+11,0.9926,3.49777442498e+11,0.8778,2.82940988517e+11,0.6434,5.5697045025e+11,1.1369
601333,36692721660.0,1.6695,32513434830.0,1.4346,26209086900.0,1.1171,28050806520.0,1.1409,22950659880.0,0.8952,19338056010.0,0.7377,17921348610.0,0.67,56384954520.0,2.0877
601398,1.96403083815e+12,3.4663,1.50308482512e+12,2.3613,1.41289973561e+12,1.9648,1.56360587474e+12,1.7953,1.48108897668e+12,1.4495,1.46150617414e+12,1.2239,1.25094735668e+12,0.9208,1.86400472463e+12,1.1821
601600,2.59670167526e+11,4.3944,1.48363632175e+11,2.7934,1.38626000893e+11,2.7159,1.33216205736e+11,2.5638,93318966454.8,1.8373,55585645236.1,1.2976,40843953433.8,0.9657,1.25642492591e+11,4.4212
601628,8.5387673805e+11,5.6126,6.828752728e+11,4.6791,6.8768027265e+11,3.1629,5.387252773e+11,2.5229,4.968935139e+11,2.4259,4.703246912e+11,2.0283,3.9570587e+11,1.7643,1.0299658502e+12,3.4096
601666,48727910895.6,7.5506,37626029123.4,3.8878,29367862662.8,3.4447,32802030435.3,3.2111,27342290491.6,2.4163,15961475278.3,1.3665,9468271577.82,0.8136,19196271450.0,1.6469
601699,49895171400.0,11.2479,43421455080.0,5.074,39751226100.0,3.888,66443800500.0,4.9826,61277866920.0,3.7538,37645734240.0,2.2013,17856411840.0,1.0188,33043566240.0,1.7589
601988,1.20827441116e+12,2.7204,9.31589724573e+11,1.9202,1.04074056424e+12,1.9203,9.29560322667e+11,1.3704,8.45816430025e+11,1.1108,8.23484682096e+11,0.953,7.45903360683e+11,0.767,1.3247450604e+12,1.1746
601998,2.48642401624e+11,2.8894,2.01802388759e+11,2.0534,2.0258305564e+11,1.8845,2.00241054997e+11,1.5779,1.98378266624e+11,1.0823,2.03992745868e+11,0.9809,1.97442520083e+11,0.8298,3.6073029117e+11,1.332
000400,5242849920.0,2.4487,6211226240.0,2.904,12517020480.0,5.5107,11264940160.0,4.6575,7274170560.0,2.8663,14890299008.0,5.1851,19050663958.0,4.0201,32316889965.0,5.6895
000931,6761966338.8,11.8885,3981596946.0,6.3223,4791413274.0,7.0683,4899388784.4,7.0399,4467486742.8,6.1847,3765645925.2,5.0159,3441719394.0,6.3936,10885280497.0,17.7049
600062,14292398700.0,6.197,11386277631.0,3.5297,16173278368.9,4.4367,14481058362.8,3.5715,10730732944.0,2.3965,13103271128.2,2.7211,9724548075.48,1.7736,17922666465.0,3.0644
600426,12780435000.0,6.0386,8224492500.0,3.3205,7366845000.0,2.5805,9809622500.0,2.0073,8210711250.0,1.5924,7266622500.0,1.2928,6560940000.0,1.0819,14933767500.0,2.177
600637,4692683340.86,1.9763,2920521958.36,2.5054,4458758038.37,3.7112,8378779016.46,6.4262,16605804878.2,6.1471,26306446091.5,8.1405,35672966482.2,9.1406,99688686493.2,21.9158
