indexID,ticker,porgFullName,secShortName,exchangeCD,tradeDate,preCloseIndex,openIndex,lowestIndex,highestIndex,closeIndex,turnoverVol,turnoverValue,CHG,CHGPct
000001.ZICN,000001,上海证券交易所,上证综指,XSHG,2014-01-02,2115.978,2112.126,2101.016,2113.11,2109.387,6848548600,61921354651.0,-6.591,-0.003115
000001.ZICN,000001,上海证券交易所,上证综指,XSHG,2014-01-03,2109.387,2101.542,2075.899,2102.167,2083.136,8449724100,72372229162.0,-26.251,-0.012445
000001.ZICN,000001,上海证券交易所,上证综指,XSHG,2014-01-06,2083.136,2078.684,2034.006,2078.684,2045.709,8958760800,72895394974.0,-37.427,-0.017967
000001.ZICN,000001,上海证券交易所,上证综指,XSHG,2014-01-07,2045.709,2034.224,2029.246,2052.279,2047.317,6340293800,54638641623.0,1.608,0.000786
000001.ZICN,000001,上海证券交易所,上证综指,XSHG,2014-01-08,2047.317,2047.256,2037.11,2062.952,2044.34,7164736400,62941429756.0,-2.977,-0.001454
000001.ZICN,000001,上海证券交易所,上证综指,XSHG,2014-01-09,2044.34,2041.773,2026.446,2057.196,2027.622,7594188300,67605664108.0,-16.718,-0.008178
000001.ZICN,000001,上海证券交易所,上证综指,XSHG,2014-01-10,2027.622,2023.535,2008.007,2029.297,2013.298,7561612100,61044553200.0,-14.324,-0.007064
000001.ZICN,000001,上海证券交易所,上证综指,XSHG,2014-01-13,2013.298,2014.978,2000.404,2027.181,2009.564,6654477600,55616750648.0,-3.734,-0.001855
000001.ZICN,000001,上海证券交易所,上证综指,XSHG,2014-01-14,2009.564,2007.156,2001.135,2027.428,2026.842,7036661400,56687625248.0,17.278,0.008598
000001.ZICN,000001,上海证券交易所,上证综指,XSHG,2014-01-15,2026.842,2024.228,2010.204,2027.409,2023.348,6743622200,57740358255.0,-3.494,-0.001724
000001.ZICN,000001,上海证券交易所,上证综指,XSHG,2014-01-16,2023.348,2022.538,2014.407,2034.707,2023.701,7275571900,62829760799.0,0.353,0.000174
000001.ZICN,000001,上海证券交易所,上证综指,XSHG,2014-01-17,2023.701,2017.522,2001.33,2017.868,2004.949,6730572000,57039564098.0,-18.752,-0.009266
000001.ZICN,000001,上海证券交易所,上证综指,XSHG,2014-01-20,2004.949,2001.894,1984.824,2005.938,1991.253,5627124700,48298781024.0,-13.696,-0.006831
000001.ZICN,000001,上海证券交易所,上证综指,XSHG,2014-01-21,1991.253,1992.015,1992.015,2014.152,2008.313,5984491100,52017917403.0,17.06,0.008567
000001.ZICN,000001,上海证券交易所,上证综指,XSHG,2014-01-22,2008.313,2009.969,2008.93,2052.339,2051.749,9889285600,84126659381.0,43.436,0.021628
000001.ZICN,000001,上海证券交易所,上证综指,XSHG,2014-01-23,2051.749,2048.331,2039.052,2052.528,2042.18,8421058500,76083326567.0,-9.569,-0.004664
000001.ZICN,000001,上海证券交易所,上证综指,XSHG,2014-01-24,2042.18,2037.667,2034.453,2060.986,2054.392,9294792100,82346176543.0,12.212,0.00598
000001.ZICN,000001,上海证券交易所,上证综指,XSHG,2014-01-27,2054.392,2044.272,2029.626,2044.846,2033.3,8881542600,81914219452.0,-21.092,-0.010267
000001.ZICN,000001,上海证券交易所,上证综指,XSHG,2014-01-28,2033.3,2036.402,2026.987,2047.129,2038.513,7252904300,65751604445.0,5.213,0.002564
000001.ZICN,000001,上海证券交易所,上证综指,XSHG,2014-01-29,2038.513,2042.176,2039.771,2051.583,2049.914,7386546200,67694123639.0,11.401,0.005593
000001.ZICN,000001,上海证券交易所,上证综指,XSHG,2014-01-30,2049.914,2045.931,2031.466,2045.931,2033.083,6261518400,58264498308.0,-16.831,-0.008211
000001.ZICN,000001,上海证券交易所,上证综指,XSHG,2014-02-07,2033.083,2022.323,2014.698,2044.73,2044.497,7359875500,67829921866.0,11.414,0.005614
000001.ZICN,000001,上海证券交易所,上证综指,XSHG,2014-02-10,2044.497,2049.984,2049.984,2087.975,2086.067,12433183300,1.12722921002e+11,41.57,0.020333
000001.ZICN,000001,上海证券交易所,上证综指,XSHG,2014-02-11,2086.067,2086.177,2082.522,2111.061,2103.671,14221132400,1.25266774385e+11,17.604,0.008439
000001.ZICN,000001,上海证券交易所,上证综指,XSHG,2014-02-12,2103.671,2103.828,2096.509,2110.904,2109.955,12633318600,1.10804071445e+11,6.284,0.002987
000001.ZICN,000001,上海证券交易所,上证综指,XSHG,2014-02-13,2109.955,2106.934,2096.966,2122.826,2098.401,14653263400,1.24377063737e+11,-11.554,-0.005476
000001.ZICN,000001,上海证券交易所,上证综指,XSHG,2014-02-14,2098.401,2097.32,2095.09,2116.186,2115.848,11151795000,97399672623.0,17.447,0.008314
000001.ZICN,000001,上海证券交易所,上证综指,XSHG,2014-02-17,2115.848,2124.88,2117.689,2136.447,2135.415,14024444300,1.26213748935e+11,19.567,0.009248
000001.ZICN,000001,上海证券交易所,上证综指,XSHG,2014-02-18,2135.415,2134.143,2113.128,2134.143,2119.066,14286930800,1.29786966518e+11,-16.349,-0.007656
000001.ZICN,000001,上海证券交易所,上证综指,XSHG,2014-02-19,2119.066,2116.919,2111.168,2152.961,2142.554,15126124600,1.27818451163e+11,23.488,0.011084
000001.ZICN,000001,上海证券交易所,上证综指,XSHG,2014-02-20,2142.554,2152.891,2136.481,2177.978,2138.782,15705227600,1.30938438484e+11,-3.772,-0.001761
000001.ZICN,000001,上海证券交易所,上证综指,XSHG,2014-02-21,2138.782,2131.592,2098.328,2132.703,2113.693,11766265100,99514289373.0,-25.089,-0.011731
000001.ZICN,000001,上海证券交易所,上证综指,XSHG,2014-02-24,2113.693,2099.717,2058.791,2099.717,2076.686,12355530800,1.07202449712e+11,-37.007,-0.017508
000001.ZICN,000001,上海证券交易所,上证综指,XSHG,2014-02-25,2076.686,2077.285,2026.543,2087.616,2034.219,14013297800,1.27823834204e+11,-42.467,-0.020449
000001.ZICN,000001,上海证券交易所,上证综指,XSHG,2014-02-26,2034.219,2026.61,2014.381,2041.627,2041.254,11011268700,96117707808.0,7.035,0.003458
000001.ZICN,000001,上海证券交易所,上证综指,XSHG,2014-02-27,2041.254,2045.096,2036.391,2068.314,2047.354,13216385200,1.12875752328e+11,6.1,0.002988
000001.ZICN,000001,上海证券交易所,上证综指,XSHG,2014-02-28,2047.354,2040.624,2020.935,2058.489,2056.302,11163790700,95684072094.0,8.948,0.004371
000001.ZICN,000001,上海证券交易所,上证综指,XSHG,2014-03-03,2056.302,2052.075,2047.067,2078.333,2075.235,12746089100,1.04980599523e+11,18.933,0.009207
000001.ZICN,000001,上海证券交易所,上证综指,XSHG,2014-03-04,2075.235,2068.107,2050.125,2074.025,2071.473,11592579200,1.0111631134e+11,-3.762,-0.001813
000001.ZICN,000001,上海证券交易所,上证综指,XSHG,2014-03-05,2071.473,2073.295,2050.175,2074.815,2053.084,10773308200,91623332621.0,-18.389,-0.008877
000001.ZICN,000001,上海证券交易所,上证综指,XSHG,2014-03-06,2053.084,2050.032,2030.946,2065.79,2059.578,10929013300,92561446561.0,6.494,0.003163
000001.ZICN,000001,上海证券交易所,上证综指,XSHG,2014-03-07,2059.578,2058.375,2050.47,2079.49,2057.908,10370954000,89332133920.0,-1.67,-0.000811
000001.ZICN,000001,上海证券交易所,上证综指,XSHG,2014-03-10,2057.908,2042.352,1995.549,2042.634,1999.065,11569666600,95032992605.0,-58.843,-0.028594
000001.ZICN,000001,上海证券交易所,上证综指,XSHG,2014-03-11,1999.065,1994.415,1985.599,2008.071,2001.157,9270526500,76870326506.0,2.092,0.001046
000001.ZICN,000001,上海证券交易所,上证综指,XSHG,2014-03-12,2001.157,1996.239,1974.382,2011.06,1997.692,10136171900,79293072715.0,-3.465,-0.001731
000001.ZICN,000001,上海证券交易所,上证综指,XSHG,2014-03-13,1997.692,2000.695,1996.529,2029.12,2019.111,10097811600,77979057254.0,21.419,0.010722
000001.ZICN,000001,上海证券交易所,上证综指,XSHG,2014-03-14,2019.111,2008.825,1990.98,2017.913,2004.339,8777511100,69925888157.0,-14.772,-0.007316
000001.ZICN,000001,上海证券交易所,上证综指,XSHG,2014-03-17,2004.339,2009.882,1999.249,2024.372,2023.673,8625037400,72017781997.0,19.334,0.009646
000001.ZICN,000001,上海证券交易所,上证综指,XSHG,2014-03-18,2023.673,2026.224,2020.41,2034.917,2025.196,9677719300,83580456683.0,1.523,0.000753
000001.ZICN,000001,上海证券交易所,上证综指,XSHG,2014-03-19,2025.196,2019.98,2002.441,2022.181,2021.734,9518079700,79473241174.0,-3.462,-0.001709
000001.ZICN,000001,上海证券交易所,上证综指,XSHG,2014-03-20,2021.734,2017.22,1993.002,2030.847,1993.479,11033304800,88630977588.0,-28.255,-0.013976
000001.ZICN,000001,上海证券交易所,上证综指,XSHG,2014-03-21,1993.479,1987.679,1986.071,2052.472,2047.619,14447765600,1.09438064673e+11,54.14,0.027159
000001.ZICN,000001,上海证券交易所,上证综指,XSHG,2014-03-24,2047.619,2050.827,2043.33,2074.056,2066.279,14770008500,1.10244496617e+11,18.66,0.009113
000001.ZICN,000001,上海证券交易所,上证综指,XSHG,2014-03-25,2066.279,2063.323,2057.491,2079.551,2067.311,13182223200,1.00173660038e+11,1.032,0.000499
000001.ZICN,000001,上海证券交易所,上证综指,XSHG,2014-03-26,2067.311,2070.574,2057.648,2074.572,2063.67,10261111600,80463446277.0,-3.641,-0.001761
000001.ZICN,000001,上海证券交易所,上证综指,XSHG,2014-03-27,2063.67,2060.812,2042.713,2073.982,2046.588,11914937400,94996460806.0,-17.082,-0.008277
000001.ZICN,000001,上海证券交易所,上证综指,XSHG,2014-03-28,2046.588,2046.851,2035.243,2060.134,2041.712,12168196500,94221958284.0,-4.876,-0.002383
000001.ZICN,000001,上海证券交易所,上证综指,XSHG,2014-03-31,2041.712,2043.045,2024.185,2048.134,2033.306,9435653600,71573688750.0,-8.406,-0.004117
000001.ZICN,000001,上海证券交易所,上证综指,XSHG,2014-04-01,2033.306,2031.005,2028.096,2050.681,2047.46,8328657600,64512636953.0,14.154,0.006961
000001.ZICN,000001,上海证券交易所,上证综指,XSHG,2014-04-02,2047.46,2049.423,2046.742,2060.778,2058.988,10265852500,77940636053.0,11.528,0.00563
000001.ZICN,000001,上海证券交易所,上证综指,XSHG,2014-04-03,2058.988,2063.497,2037.447,2066.007,2043.702,10861842100,79480900734.0,-15.286,-0.007424
000001.ZICN,000001,上海证券交易所,上证综指,XSHG,2014-04-04,2043.702,2037.552,2035.221,2060.104,2058.831,8318905600,66368648237.0,15.129,0.007403
000001.ZICN,000001,上海证券交易所,上证综指,XSHG,2014-04-08,2058.831,2054.53,2052.9,2102.452,2098.284,13337098300,1.07966361324e+11,39.453,0.019163
000001.ZICN,000001,上海证券交易所,上证综指,XSHG,2014-04-09,2098.284,2100.651,2095.64,2108.75,2105.237,10534047100,87366776078.0,6.953,0.003314
000001.ZICN,000001,上海证券交易所,上证综指,XSHG,2014-04-10,2105.237,2105.876,2098.079,2146.67,2134.3,15678960900,1.29842345861e+11,29.063,0.013805
000001.ZICN,000001,上海证券交易所,上证综指,XSHG,2014-04-11,2134.3,2130.368,2120.179,2138.651,2130.542,13176835900,1.1163680984e+11,-3.758,-0.001761
000001.ZICN,000001,上海证券交易所,上证综指,XSHG,2014-04-14,2130.542,2127.409,2116.61,2134.434,2131.539,10207785300,86591714588.0,0.997,0.000468
000001.ZICN,000001,上海证券交易所,上证综指,XSHG,2014-04-15,2131.539,2125.902,2098.15,2125.902,2101.601,10753115100,91135360828.0,-29.938,-0.014045
000001.ZICN,000001,上海证券交易所,上证综指,XSHG,2014-04-16,2101.601,2097.213,2092.157,2112.05,2105.122,8936165700,75099477740.0,3.521,0.001675
000001.ZICN,000001,上海证券交易所,上证综指,XSHG,2014-04-17,2105.122,2108.947,2095.714,2110.716,2098.885,8989632500,74257033528.0,-6.237,-0.002963
000001.ZICN,000001,上海证券交易所,上证综指,XSHG,2014-04-18,2098.885,2091.48,2081.185,2099.637,2097.748,8815569500,72555982418.0,-1.137,-0.000542
000001.ZICN,000001,上海证券交易所,上证综指,XSHG,2014-04-21,2097.748,2085.98,2065.234,2103.078,2065.826,9637836900,81654552342.0,-31.922,-0.015217
000001.ZICN,000001,上海证券交易所,上证综指,XSHG,2014-04-22,2065.826,2062.787,2047.332,2073.663,2072.831,9871988200,82468105678.0,7.005,0.003391
000001.ZICN,000001,上海证券交易所,上证综指,XSHG,2014-04-23,2072.831,2068.084,2059.109,2076.349,2067.382,7853152100,66156169573.0,-5.449,-0.002629
000001.ZICN,000001,上海证券交易所,上证综指,XSHG,2014-04-24,2067.382,2064.156,2056.193,2075.757,2057.033,7818595500,64407532370.0,-10.349,-0.005006
000001.ZICN,000001,上海证券交易所,上证综指,XSHG,2014-04-25,2057.033,2060.538,2035.566,2065.643,2036.519,9304233300,74155877478.0,-20.514,-0.009973
000001.ZICN,000001,上海证券交易所,上证综指,XSHG,2014-04-28,2036.519,2033.337,2000.137,2035.99,2003.487,8979526200,68541492566.0,-33.032,-0.01622
000001.ZICN,000001,上海证券交易所,上证综指,XSHG,2014-04-29,2003.487,2001.896,1997.64,2021.68,2020.341,7622127500,56776480980.0,16.854,0.008412
000001.ZICN,000001,上海证券交易所,上证综指,XSHG,2014-04-30,2020.341,2020.438,2016.577,2029.538,2026.358,7452857800,57677357948.0,6.017,0.002978
000001.ZICN,000001,上海证券交易所,上证综指,XSHG,2014-05-05,2026.358,2022.178,2007.351,2028.957,2027.353,7993339500,60093487736.0,0.995,0.000491
000001.ZICN,000001,上海证券交易所,上证综指,XSHG,2014-05-06,2027.353,2024.256,2021.485,2038.705,2028.038,7460941100,57548110850.0,0.685,0.000338
000001.ZICN,000001,上海证券交易所,上证综指,XSHG,2014-05-07,2028.038,2023.152,2008.451,2024.631,2010.083,7436019200,57558051925.0,-17.955,-0.008853
000001.ZICN,000001,上海证券交易所,上证综指,XSHG,2014-05-08,2010.083,2006.853,2005.685,2036.941,2015.274,7786539300,59529365546.0,5.191,0.002582
000001.ZICN,000001,上海证券交易所,上证综指,XSHG,2014-05-09,2015.274,2016.501,2001.3,2020.454,2011.135,7622424400,57505383717.0,-4.139,-0.002054
000001.ZICN,000001,上海证券交易所,上证综指,XSHG,2014-05-12,2011.135,2022.932,2016.638,2055.506,2052.871,11574207700,88097002894.0,41.736,0.020752
000001.ZICN,000001,上海证券交易所,上证综指,XSHG,2014-05-13,2052.871,2055.079,2043.547,2061.06,2050.728,9722338800,73741718051.0,-2.143,-0.001044
000001.ZICN,000001,上海证券交易所,上证综指,XSHG,2014-05-14,2050.728,2049.27,2042.744,2056.574,2047.91,7201112500,56455292293.0,-2.818,-0.001374
000001.ZICN,000001,上海证券交易所,上证综指,XSHG,2014-05-15,2047.91,2044.377,2022.861,2047.316,2024.974,7584515400,59773445331.0,-22.936,-0.0112
000001.ZICN,000001,上海证券交易所,上证综指,XSHG,2014-05-16,2024.974,2023.596,2012.694,2027.756,2026.504,6635366000,51625885302.0,1.53,0.000756
000001.ZICN,000001,上海证券交易所,上证综指,XSHG,2014-05-19,2026.504,2023.014,1996.015,2023.267,2005.183,6532943800,52975245931.0,-21.321,-0.010521
000001.ZICN,000001,上海证券交易所,上证综指,XSHG,2014-05-20,2005.183,2011.846,2002.759,2018.156,2008.119,6134538200,49549015106.0,2.936,0.001464
000001.ZICN,000001,上海证券交易所,上证综指,XSHG,2014-05-21,2008.119,2001.306,1991.055,2025.194,2024.951,6181154700,48415094175.0,16.832,0.008382
000001.ZICN,000001,上海证券交易所,上证综指,XSHG,2014-05-22,2024.951,2023.148,2018.877,2041.96,2021.285,7472847400,59501663401.0,-3.666,-0.00181
000001.ZICN,000001,上海证券交易所,上证综指,XSHG,2014-05-23,2021.285,2020.115,2017.739,2034.569,2034.569,6348806500,51464939986.0,13.284,0.006572
000001.ZICN,000001,上海证券交易所,上证综指,XSHG,2014-05-26,2034.569,2042.028,2035.094,2045.381,2041.476,7028122000,59840433362.0,6.907,0.003395
000001.ZICN,000001,上海证券交易所,上证综指,XSHG,2014-05-27,2041.476,2039.791,2032.839,2044.148,2034.565,6757788900,55920518535.0,-6.911,-0.003385
000001.ZICN,000001,上海证券交易所,上证综指,XSHG,2014-05-28,2034.565,2034.561,2029.336,2052.656,2050.228,8133864200,68602224952.0,15.663,0.007698
000001.ZICN,000001,上海证券交易所,上证综指,XSHG,2014-05-29,2050.228,2051.84,2039.238,2057.077,2040.595,8124292100,69472513686.0,-9.633,-0.004699
000001.ZICN,000001,上海证券交易所,上证综指,XSHG,2014-05-30,2040.595,2040.394,2031.373,2046.96,2039.212,7514889800,62353642382.0,-1.383,-0.000678
000001.ZICN,000001,上海证券交易所,上证综指,XSHG,2014-06-03,2039.212,2039.196,2037.3,2049.576,2038.305,7158412400,59296437014.0,-0.907,-0.000445
000001.ZICN,000001,上海证券交易所,上证综指,XSHG,2014-06-04,2038.305,2037.989,2012.913,2038.481,2024.834,7241277100,57467546430.0,-13.471,-0.006609
000001.ZICN,000001,上海证券交易所,上证综指,XSHG,2014-06-05,2024.834,2019.442,2016.175,2041.701,2040.878,6794953600,56376142155.0,16.044,0.007924
000001.ZICN,000001,上海证券交易所,上证综指,XSHG,2014-06-06,2040.878,2040.864,2022.158,2041.573,2029.956,6602174400,55124242502.0,-10.922,-0.005352
000001.ZICN,000001,上海证券交易所,上证综指,XSHG,2014-06-09,2029.956,2024.942,2023.198,2045.255,2030.502,6478831700,55139842258.0,0.546,0.000269
000001.ZICN,000001,上海证券交易所,上证综指,XSHG,2014-06-10,2030.502,2033.207,2026.389,2052.765,2052.532,7962371700,65406104835.0,22.03,0.01085
000001.ZICN,000001,上海证券交易所,上证综指,XSHG,2014-06-11,2052.532,2049.128,2045.407,2056.631,2054.948,7444435400,63177390287.0,2.416,0.001177
000001.ZICN,000001,上海证券交易所,上证综指,XSHG,2014-06-12,2054.948,2051.582,2045.962,2057.105,2051.713,8171118600,69306421819.0,-3.235,-0.001574
000001.ZICN,000001,上海证券交易所,上证综指,XSHG,2014-06-13,2051.713,2049.206,2048.618,2073.596,2070.715,9717480600,82546974059.0,19.002,0.009262
000001.ZICN,000001,上海证券交易所,上证综指,XSHG,2014-06-16,2070.715,2070.699,2069.441,2087.322,2085.983,9593977000,79953076117.0,15.268,0.007373
000001.ZICN,000001,上海证券交易所,上证综指,XSHG,2014-06-17,2085.983,2080.482,2064.666,2080.482,2066.698,8780048100,70923265343.0,-19.285,-0.009245
000001.ZICN,000001,上海证券交易所,上证综指,XSHG,2014-06-18,2066.698,2064.383,2051.746,2066.913,2055.519,8724535000,70472931939.0,-11.179,-0.005409
000001.ZICN,000001,上海证券交易所,上证综指,XSHG,2014-06-19,2055.519,2054.62,2017.653,2059.255,2023.735,9291427400,74628946056.0,-31.784,-0.015463
000001.ZICN,000001,上海证券交易所,上证综指,XSHG,2014-06-20,2023.735,2013.414,2010.53,2027.148,2026.674,6716724600,53224269342.0,2.939,0.001452
000001.ZICN,000001,上海证券交易所,上证综指,XSHG,2014-06-23,2026.674,2026.226,2022.917,2033.32,2024.365,7048516200,57772730103.0,-2.309,-0.001139
000001.ZICN,000001,上海证券交易所,上证综指,XSHG,2014-06-24,2024.365,2023.699,2021.75,2034.707,2033.931,7121463400,61684910986.0,9.566,0.004725
000001.ZICN,000001,上海证券交易所,上证综指,XSHG,2014-06-25,2033.931,2030.433,2018.36,2030.616,2025.502,6753961000,55989137975.0,-8.429,-0.004144
000001.ZICN,000001,上海证券交易所,上证综指,XSHG,2014-06-26,2025.502,2025.662,2025.314,2040.754,2038.677,8095577800,66534274736.0,13.175,0.006505
000001.ZICN,000001,上海证券交易所,上证综指,XSHG,2014-06-27,2038.677,2031.907,2025.073,2043.982,2036.51,9759201700,76710586646.0,-2.167,-0.001063
000001.ZICN,000001,上海证券交易所,上证综指,XSHG,2014-06-30,2036.51,2038.613,2038.527,2052.342,2048.327,9666659800,80011169570.0,11.817,0.005803
000001.ZICN,000001,上海证券交易所,上证综指,XSHG,2014-07-01,2048.327,2051.225,2041.937,2052.635,2050.381,9845740900,83499762384.0,2.054,0.001003
000001.ZICN,000001,上海证券交易所,上证综指,XSHG,2014-07-02,2050.381,2049.485,2044.035,2060.595,2059.418,10955391100,89304983545.0,9.037,0.004407
000001.ZICN,000001,上海证券交易所,上证综指,XSHG,2014-07-03,2059.418,2051.632,2048.081,2066.641,2063.229,12292658200,96182469062.0,3.811,0.001851
000001.ZICN,000001,上海证券交易所,上证综指,XSHG,2014-07-04,2063.229,2062.358,2054.217,2065.078,2059.375,10500879200,83596436667.0,-3.854,-0.001868
000001.ZICN,000001,上海证券交易所,上证综指,XSHG,2014-07-07,2059.375,2058.128,2050.887,2064.043,2059.927,9716875400,81471314663.0,0.552,0.000268
000001.ZICN,000001,上海证券交易所,上证综指,XSHG,2014-07-08,2059.927,2058.134,2047.204,2064.433,2064.021,9505339300,81584449261.0,4.094,0.001987
000001.ZICN,000001,上海证券交易所,上证综指,XSHG,2014-07-09,2064.021,2061.635,2037.601,2062.474,2038.612,11330584100,97183492310.0,-25.409,-0.01231
000001.ZICN,000001,上海证券交易所,上证综指,XSHG,2014-07-10,2038.612,2036.54,2034.956,2045.527,2038.342,9794381900,84748630822.0,-0.27,-0.000132
000001.ZICN,000001,上海证券交易所,上证综指,XSHG,2014-07-11,2038.342,2033.869,2033.004,2051.737,2046.961,10508808300,86253717656.0,8.619,0.004228
000001.ZICN,000001,上海证券交易所,上证综指,XSHG,2014-07-14,2046.961,2047.744,2044.901,2067.342,2066.646,11511974000,96357013657.0,19.685,0.009617
000001.ZICN,000001,上海证券交易所,上证综指,XSHG,2014-07-15,2066.646,2065.9,2059.679,2070.358,2070.357,12448876800,1.0289391447e+11,3.711,0.001796
000001.ZICN,000001,上海证券交易所,上证综指,XSHG,2014-07-16,2070.357,2068.343,2061.572,2075.493,2067.276,13712802000,1.02029806233e+11,-3.081,-0.001488
000001.ZICN,000001,上海证券交易所,上证综指,XSHG,2014-07-17,2067.276,2062.888,2046.189,2062.888,2055.591,10449181200,79106281032.0,-11.685,-0.005652
000001.ZICN,000001,上海证券交易所,上证综指,XSHG,2014-07-18,2055.591,2047.498,2045.996,2067.233,2059.067,10664109400,82510264416.0,3.476,0.001691
000001.ZICN,000001,上海证券交易所,上证综指,XSHG,2014-07-21,2059.067,2057.767,2049.175,2061.823,2054.479,9385787000,75706180211.0,-4.588,-0.002228
000001.ZICN,000001,上海证券交易所,上证综指,XSHG,2014-07-22,2054.479,2050.5,2049.815,2078.085,2075.481,12319186800,98702436643.0,21.002,0.010223
000001.ZICN,000001,上海证券交易所,上证综指,XSHG,2014-07-23,2075.481,2074.195,2072.229,2088.192,2078.489,13729221100,1.06702129235e+11,3.008,0.001449
000001.ZICN,000001,上海证券交易所,上证综指,XSHG,2014-07-24,2078.489,2079.632,2079.632,2107.946,2105.062,16567699600,1.28677982604e+11,26.573,0.012785
000001.ZICN,000001,上海证券交易所,上证综指,XSHG,2014-07-25,2105.062,2108.714,2106.714,2127.217,2126.614,14249582600,1.11411572985e+11,21.552,0.010238
000001.ZICN,000001,上海证券交易所,上证综指,XSHG,2014-07-28,2126.614,2135.249,2135.249,2181.496,2177.948,23618575200,1.80414429611e+11,51.334,0.024139
000001.ZICN,000001,上海证券交易所,上证综指,XSHG,2014-07-29,2177.948,2179.826,2172.102,2193.523,2183.192,20026425700,1.59282497674e+11,5.244,0.002408
000001.ZICN,000001,上海证券交易所,上证综指,XSHG,2014-07-30,2183.192,2178.179,2177.244,2194.572,2181.243,18492218700,1.49566550479e+11,-1.949,-0.000893
000001.ZICN,000001,上海证券交易所,上证综指,XSHG,2014-07-31,2181.243,2179.543,2173.9,2202.126,2201.562,16469165400,1.32438451526e+11,20.319,0.009315
000001.ZICN,000001,上海证券交易所,上证综指,XSHG,2014-08-01,2201.562,2194.17,2184.641,2218.789,2185.303,19147504200,1.51884026694e+11,-16.259,-0.007385
000001.ZICN,000001,上海证券交易所,上证综指,XSHG,2014-08-04,2185.303,2190.036,2186.917,2224.068,2223.331,17409740300,1.40088823113e+11,38.028,0.017402
000001.ZICN,000001,上海证券交易所,上证综指,XSHG,2014-08-05,2223.331,2224.632,2206.85,2226.838,2219.945,17538698700,1.41474534802e+11,-3.386,-0.001523
000001.ZICN,000001,上海证券交易所,上证综指,XSHG,2014-08-06,2219.945,2212.003,2192.993,2223.893,2217.465,17771170700,1.40362855726e+11,-2.48,-0.001117
000001.ZICN,000001,上海证券交易所,上证综指,XSHG,2014-08-07,2217.465,2216.659,2185.763,2220.568,2187.669,17523327400,1.37306468554e+11,-29.796,-0.013437
000001.ZICN,000001,上海证券交易所,上证综指,XSHG,2014-08-08,2187.669,2188.709,2180.597,2199.578,2194.425,13518144300,1.0972899206e+11,6.756,0.003088
000001.ZICN,000001,上海证券交易所,上证综指,XSHG,2014-08-11,2194.425,2199.433,2198.314,2225.961,2224.654,15058342100,1.26096838922e+11,30.229,0.013775
000001.ZICN,000001,上海证券交易所,上证综指,XSHG,2014-08-12,2224.654,2222.696,2210.0,2222.979,2221.595,15479904600,1.32393972973e+11,-3.059,-0.001375
000001.ZICN,000001,上海证券交易所,上证综指,XSHG,2014-08-13,2221.595,2223.051,2202.443,2230.991,2222.877,17806280600,1.46490786502e+11,1.282,0.000577
000001.ZICN,000001,上海证券交易所,上证综指,XSHG,2014-08-14,2222.877,2221.541,2204.384,2230.894,2206.466,17014912300,1.41706657539e+11,-16.411,-0.007383
000001.ZICN,000001,上海证券交易所,上证综指,XSHG,2014-08-15,2206.466,2207.226,2203.242,2230.872,2226.734,14997869100,1.29406906433e+11,20.268,0.009186
000001.ZICN,000001,上海证券交易所,上证综指,XSHG,2014-08-18,2226.734,2229.804,2228.134,2242.035,2239.466,16392862600,1.41492842935e+11,12.732,0.005718
000001.ZICN,000001,上海证券交易所,上证综指,XSHG,2014-08-19,2239.466,2242.34,2227.925,2246.016,2245.33,17774459200,1.55445477469e+11,5.864,0.002618
000001.ZICN,000001,上海证券交易所,上证综指,XSHG,2014-08-20,2245.33,2241.664,2233.892,2248.939,2240.211,16765838300,1.39628054173e+11,-5.119,-0.00228
000001.ZICN,000001,上海证券交易所,上证综指,XSHG,2014-08-21,2240.211,2239.568,2211.63,2240.077,2230.458,16573349800,1.40879627721e+11,-9.753,-0.004354
000001.ZICN,000001,上海证券交易所,上证综指,XSHG,2014-08-22,2230.458,2228.974,2225.267,2243.303,2240.812,16011167200,1.40353020934e+11,10.354,0.004642
000001.ZICN,000001,上海证券交易所,上证综指,XSHG,2014-08-25,2240.812,2241.1,2222.009,2241.553,2229.274,16211957800,1.3445023451e+11,-11.538,-0.005149
000001.ZICN,000001,上海证券交易所,上证综指,XSHG,2014-08-26,2229.274,2225.291,2200.618,2232.785,2207.106,16350742400,1.34123068194e+11,-22.168,-0.009944
000001.ZICN,000001,上海证券交易所,上证综指,XSHG,2014-08-27,2207.106,2207.03,2204.048,2216.67,2209.465,12088588500,1.04090409512e+11,2.359,0.001069
000001.ZICN,000001,上海证券交易所,上证综指,XSHG,2014-08-28,2209.465,2210.484,2194.861,2219.473,2195.818,12422901400,1.09266624772e+11,-13.647,-0.006177
000001.ZICN,000001,上海证券交易所,上证综指,XSHG,2014-08-29,2195.818,2198.946,2193.263,2218.696,2217.2,10520249600,93043872850.0,21.382,0.009738
000001.ZICN,000001,上海证券交易所,上证综指,XSHG,2014-09-01,2217.2,2220.129,2217.685,2236.286,2235.511,12916658300,1.17215899895e+11,18.311,0.008259
000001.ZICN,000001,上海证券交易所,上证综指,XSHG,2014-09-02,2235.511,2239.684,2234.378,2267.509,2266.046,19212486900,1.70931776839e+11,30.535,0.013659
000001.ZICN,000001,上海证券交易所,上证综指,XSHG,2014-09-03,2266.046,2268.395,2268.1,2290.547,2288.627,21247899800,1.87558381475e+11,22.581,0.009965
000001.ZICN,000001,上海证券交易所,上证综指,XSHG,2014-09-04,2288.627,2290.029,2283.277,2307.701,2306.862,19948997800,1.79385894224e+11,18.235,0.007968
000001.ZICN,000001,上海证券交易所,上证综指,XSHG,2014-09-05,2306.862,2311.305,2307.447,2327.557,2326.432,21318191700,1.85839820854e+11,19.57,0.008483
000001.ZICN,000001,上海证券交易所,上证综指,XSHG,2014-09-09,2326.432,2328.426,2315.894,2331.917,2326.527,19699031800,1.72908499146e+11,0.095,4.1e-05
000001.ZICN,000001,上海证券交易所,上证综指,XSHG,2014-09-10,2326.527,2318.496,2306.421,2321.908,2318.305,18982899100,1.63454522872e+11,-8.222,-0.003534
000001.ZICN,000001,上海证券交易所,上证综指,XSHG,2014-09-11,2318.305,2315.732,2304.602,2343.595,2311.679,22222179800,1.97232656997e+11,-6.626,-0.002858
000001.ZICN,000001,上海证券交易所,上证综指,XSHG,2014-09-12,2311.679,2308.346,2302.775,2331.95,2331.95,19347154000,1.62102898337e+11,20.271,0.008769
000001.ZICN,000001,上海证券交易所,上证综指,XSHG,2014-09-15,2331.95,2330.187,2321.593,2340.449,2339.14,21511241400,1.85393630086e+11,7.19,0.003083
000001.ZICN,000001,上海证券交易所,上证综指,XSHG,2014-09-16,2339.14,2341.027,2293.869,2347.935,2296.555,30269411100,2.37659243986e+11,-42.585,-0.018205
000001.ZICN,000001,上海证券交易所,上证综指,XSHG,2014-09-17,2296.555,2298.982,2282.795,2309.048,2307.893,21084245300,1.59121789572e+11,11.338,0.004937
000001.ZICN,000001,上海证券交易所,上证综指,XSHG,2014-09-18,2307.893,2303.85,2297.931,2319.875,2315.928,18908904500,1.44518521039e+11,8.035,0.003482
000001.ZICN,000001,上海证券交易所,上证综指,XSHG,2014-09-19,2315.928,2312.984,2305.517,2331.561,2329.451,17464848700,1.44345453358e+11,13.523,0.005839
000001.ZICN,000001,上海证券交易所,上证综指,XSHG,2014-09-22,2329.451,2323.554,2284.378,2323.554,2289.866,17584235400,1.47841746377e+11,-39.585,-0.016993
000001.ZICN,000001,上海证券交易所,上证综指,XSHG,2014-09-23,2289.866,2289.091,2289.024,2311.525,2309.718,15685516900,1.35396857174e+11,19.852,0.00867
000001.ZICN,000001,上海证券交易所,上证综指,XSHG,2014-09-24,2309.718,2302.231,2297.876,2345.747,2343.575,22252572500,1.85690667976e+11,33.857,0.014658
000001.ZICN,000001,上海证券交易所,上证综指,XSHG,2014-09-25,2343.575,2352.865,2336.805,2365.154,2345.103,22568832300,1.89260377942e+11,1.528,0.000652
000001.ZICN,000001,上海证券交易所,上证综指,XSHG,2014-09-26,2345.103,2339.29,2329.96,2350.11,2347.72,17474828500,1.48220808326e+11,2.617,0.001116
000001.ZICN,000001,上海证券交易所,上证综指,XSHG,2014-09-29,2347.72,2353.71,2346.58,2363.06,2357.71,20011102100,1.71130878152e+11,9.99,0.004255
000001.ZICN,000001,上海证券交易所,上证综指,XSHG,2014-09-30,2357.71,2361.32,2354.27,2365.49,2363.87,19391869000,1.66933430197e+11,6.16,0.002613
000001.ZICN,000001,上海证券交易所,上证综指,XSHG,2014-10-08,2363.87,2368.58,2354.29,2382.79,2382.79,20439732600,1.80337576241e+11,18.92,0.008004
000001.ZICN,000001,上海证券交易所,上证综指,XSHG,2014-10-09,2382.79,2383.86,2367.11,2391.35,2389.37,23592001000,2.00271758742e+11,6.58,0.002761
000001.ZICN,000001,上海证券交易所,上证综指,XSHG,2014-10-10,2389.37,2380.76,2365.08,2386.28,2374.54,22467112600,1.92248234095e+11,-14.83,-0.006207
000001.ZICN,000001,上海证券交易所,上证综指,XSHG,2014-10-13,2374.54,2366.43,2341.12,2366.86,2366.01,20089931400,1.75425070607e+11,-8.53,-0.003592
000001.ZICN,000001,上海证券交易所,上证综指,XSHG,2014-10-14,2366.01,2362.8,2349.19,2380.52,2359.48,19683141800,1.70160085096e+11,-6.53,-0.00276
000001.ZICN,000001,上海证券交易所,上证综指,XSHG,2014-10-15,2359.48,2358.23,2344.37,2374.81,2373.67,20280491500,1.71766747014e+11,14.19,0.006014
000001.ZICN,000001,上海证券交易所,上证综指,XSHG,2014-10-16,2373.67,2361.13,2353.41,2389.68,2356.5,24820116800,2.03805884862e+11,-17.17,-0.007234
000001.ZICN,000001,上海证券交易所,上证综指,XSHG,2014-10-17,2356.5,2352.78,2312.83,2360.6,2341.18,21230096200,1.79433162591e+11,-15.32,-0.006501
000001.ZICN,000001,上海证券交易所,上证综指,XSHG,2014-10-20,2341.18,2346.05,2340.46,2357.51,2356.73,16002230500,1.41820259831e+11,15.55,0.006642
000001.ZICN,000001,上海证券交易所,上证综指,XSHG,2014-10-21,2356.73,2355.03,2337.55,2361.65,2339.66,16882828800,1.46786313155e+11,-17.07,-0.007243
000001.ZICN,000001,上海证券交易所,上证综指,XSHG,2014-10-22,2339.66,2339.22,2324.59,2352.12,2326.55,15269842500,1.38524537529e+11,-13.11,-0.005603
000001.ZICN,000001,上海证券交易所,上证综指,XSHG,2014-10-23,2326.55,2322.32,2297.33,2329.93,2302.42,16263630800,1.40596503776e+11,-24.13,-0.010372
000001.ZICN,000001,上海证券交易所,上证综指,XSHG,2014-10-24,2302.42,2303.08,2296.66,2314.88,2302.28,13222528100,1.14330696149e+11,-0.14,-6.1e-05
000001.ZICN,000001,上海证券交易所,上证综指,XSHG,2014-10-27,2302.28,2293.57,2279.84,2293.64,2290.44,13026156800,1.13379981592e+11,-11.84,-0.005143
000001.ZICN,000001,上海证券交易所,上证综指,XSHG,2014-10-28,2290.44,2294.01,2294.01,2338.28,2337.87,17859035700,1.58147958704e+11,47.43,0.020708
000001.ZICN,000001,上海证券交易所,上证综指,XSHG,2014-10-29,2337.87,2343.72,2339.71,2381.64,2373.03,26558868700,2.25067075637e+11,35.16,0.015039
000001.ZICN,000001,上海证券交易所,上证综指,XSHG,2014-10-30,2373.03,2371.891,2365.919,2397.256,2391.076,29464594300,2.26611178101e+11,18.046,0.007605
000001.ZICN,000001,上海证券交易所,上证综指,XSHG,2014-10-31,2391.076,2393.18,2384.48,2423.6,2420.18,32576352200,2.49915443128e+11,29.104,0.012172
000001.ZICN,000001,上海证券交易所,上证综指,XSHG,2014-11-03,2420.18,2425.23,2418.17,2436.79,2430.03,29882123500,2.27196589983e+11,9.85,0.00407
000001.ZICN,000001,上海证券交易所,上证综指,XSHG,2014-11-04,2430.03,2428.27,2417.22,2435.22,2430.68,30901303900,2.26503880876e+11,0.65,0.000267
000001.ZICN,000001,上海证券交易所,上证综指,XSHG,2014-11-05,2430.68,2432.169,2415.502,2434.363,2419.254,26360665400,2.01859409074e+11,-11.426,-0.004701
000001.ZICN,000001,上海证券交易所,上证综指,XSHG,2014-11-06,2419.254,2419.62,2401.75,2426.89,2425.86,22200508800,1.79644372908e+11,6.606,0.002731
000001.ZICN,000001,上海证券交易所,上证综指,XSHG,2014-11-07,2425.86,2427.9,2407.44,2454.42,2418.17,29117224500,2.44157568362e+11,-7.69,-0.00317
000001.ZICN,000001,上海证券交易所,上证综指,XSHG,2014-11-10,2418.17,2436.63,2428.19,2474.16,2473.67,30062820300,2.45233684265e+11,55.5,0.022951
000001.ZICN,000001,上海证券交易所,上证综指,XSHG,2014-11-11,2473.67,2483.65,2445.96,2508.62,2469.67,41190406500,3.31257388545e+11,-4.0,-0.001617
000001.ZICN,000001,上海证券交易所,上证综指,XSHG,2014-11-12,2469.67,2454.6,2444.81,2494.92,2494.48,25293385200,2.15738617221e+11,24.81,0.010046
000001.ZICN,000001,上海证券交易所,上证综指,XSHG,2014-11-13,2494.48,2495.0,2471.41,2507.74,2485.61,29503705800,2.58311915771e+11,-8.87,-0.003556
000001.ZICN,000001,上海证券交易所,上证综指,XSHG,2014-11-14,2485.61,2477.97,2457.05,2481.03,2478.82,22060761900,1.91924993741e+11,-6.79,-0.002732
000001.ZICN,000001,上海证券交易所,上证综指,XSHG,2014-11-17,2478.82,2506.86,2472.45,2508.77,2474.01,21568780000,1.99264903886e+11,-4.81,-0.00194
000001.ZICN,000001,上海证券交易所,上证综指,XSHG,2014-11-18,2474.01,2474.18,2449.81,2477.05,2456.37,20106257000,1.74659491329e+11,-17.64,-0.00713
000001.ZICN,000001,上海证券交易所,上证综指,XSHG,2014-11-19,2456.37,2452.15,2442.71,2461.49,2450.99,18623577100,1.6706937056e+11,-5.38,-0.00219
000001.ZICN,000001,上海证券交易所,上证综指,XSHG,2014-11-20,2450.99,2443.28,2437.48,2458.32,2452.66,16549521300,1.50799911527e+11,1.67,0.000681
000001.ZICN,000001,上海证券交易所,上证综指,XSHG,2014-11-21,2452.66,2452.64,2446.65,2488.2,2486.79,21223977400,1.97809793269e+11,34.13,0.013916
000001.ZICN,000001,上海证券交易所,上证综指,XSHG,2014-11-24,2486.79,2505.53,2495.52,2546.75,2532.88,36348583500,3.30291406342e+11,46.09,0.018534
000001.ZICN,000001,上海证券交易所,上证综指,XSHG,2014-11-25,2532.88,2532.0,2527.08,2568.38,2567.6,31431557200,2.82168802821e+11,34.72,0.013708
000001.ZICN,000001,上海证券交易所,上证综指,XSHG,2014-11-26,2567.6,2572.65,2570.4,2605.07,2604.35,33712724900,3.1652125672e+11,36.75,0.014313
000001.ZICN,000001,上海证券交易所,上证综指,XSHG,2014-11-27,2604.35,2615.37,2599.11,2631.4,2630.49,36407571900,3.38960830485e+11,26.14,0.010037
000001.ZICN,000001,上海证券交易所,上证综指,XSHG,2014-11-28,2630.49,2629.63,2622.06,2683.18,2682.84,46588003500,4.01951167919e+11,52.35,0.019901
000001.ZICN,000001,上海证券交易所,上证综指,XSHG,2014-12-01,2682.84,2691.73,2668.84,2720.74,2680.16,44679174100,4.01120189405e+11,-2.68,-0.000999
000001.ZICN,000001,上海证券交易所,上证综指,XSHG,2014-12-02,2680.16,2667.82,2665.69,2777.37,2763.55,43773338100,3.97238914606e+11,83.39,0.031114
000001.ZICN,000001,上海证券交易所,上证综指,XSHG,2014-12-03,2763.55,2768.68,2733.87,2824.18,2779.53,56212028100,5.29777452652e+11,15.98,0.005782
000001.ZICN,000001,上海证券交易所,上证综指,XSHG,2014-12-04,2779.53,2783.47,2772.43,2900.51,2899.46,53268771800,5.09218572463e+11,119.93,0.043148
000001.ZICN,000001,上海证券交易所,上证综指,XSHG,2014-12-05,2899.46,2926.57,2813.05,2978.03,2937.65,64050029600,6.39191009221e+11,38.19,0.013171
000001.ZICN,000001,上海证券交易所,上证综指,XSHG,2014-12-08,2937.65,2907.82,2879.85,3041.66,3020.26,58757089000,5.93478048925e+11,82.61,0.028121
000001.ZICN,000001,上海证券交易所,上证综指,XSHG,2014-12-09,3020.26,2992.49,2834.59,3091.32,2856.27,77199837900,7.93361276853e+11,-163.99,-0.054297
000001.ZICN,000001,上海证券交易所,上证综指,XSHG,2014-12-10,2856.27,2855.94,2807.68,2946.71,2940.01,51288691300,5.34989954982e+11,83.74,0.029318
000001.ZICN,000001,上海证券交易所,上证综指,XSHG,2014-12-11,2940.01,2912.35,2892.61,2965.68,2925.74,48263273300,4.79801444631e+11,-14.27,-0.004854
000001.ZICN,000001,上海证券交易所,上证综指,XSHG,2014-12-12,2925.74,2929.36,2914.96,2962.51,2938.17,40948081100,4.20410249999e+11,12.43,0.004248
000001.ZICN,000001,上海证券交易所,上证综指,XSHG,2014-12-15,2938.17,2921.45,2890.9,2960.23,2953.42,40037169500,4.11487142093e+11,15.25,0.00519
000001.ZICN,000001,上海证券交易所,上证综指,XSHG,2014-12-16,2953.42,2953.81,2943.91,3021.9,3021.52,45384272300,4.92716183751e+11,68.1,0.023058
000001.ZICN,000001,上海证券交易所,上证综指,XSHG,2014-12-17,3021.52,3031.95,2993.33,3076.6,3061.02,54250317900,5.80338604916e+11,39.5,0.013073
000001.ZICN,000001,上海证券交易所,上证综指,XSHG,2014-12-18,3061.02,3062.8,3030.32,3089.79,3057.52,43590495200,4.66524526293e+11,-3.5,-0.001143
000001.ZICN,000001,上海证券交易所,上证综指,XSHG,2014-12-19,3057.52,3053.08,3018.42,3117.53,3108.6,52107351100,5.15580288301e+11,51.08,0.016706
000001.ZICN,000001,上海证券交易所,上证综指,XSHG,2014-12-22,3108.6,3129.27,3090.51,3189.87,3127.45,67937191500,6.24481484209e+11,18.85,0.006064
000001.ZICN,000001,上海证券交易所,上证综指,XSHG,2014-12-23,3127.45,3085.08,3025.67,3136.84,3032.61,43776240000,4.19467701001e+11,-94.84,-0.030325
000001.ZICN,000001,上海证券交易所,上证综指,XSHG,2014-12-24,3032.61,3039.21,2934.91,3050.51,2972.53,37680524600,3.78726756676e+11,-60.08,-0.019811
000001.ZICN,000001,上海证券交易所,上证综指,XSHG,2014-12-25,2972.53,2992.46,2969.87,3073.35,3072.54,37694777600,3.79017700926e+11,100.01,0.033645
000001.ZICN,000001,上海证券交易所,上证综指,XSHG,2014-12-26,3072.54,3078.01,3064.18,3164.16,3157.6,46070093200,4.88915101899e+11,85.06,0.027684
000001.ZICN,000001,上海证券交易所,上证综指,XSHG,2014-12-29,3157.6,3212.56,3126.94,3223.86,3168.02,51011143900,5.55904355449e+11,10.42,0.0033
000001.ZICN,000001,上海证券交易所,上证综指,XSHG,2014-12-30,3168.02,3160.8,3130.35,3190.3,3165.82,39772532000,4.37263253561e+11,-2.2,-0.000694
000001.ZICN,000001,上海证券交易所,上证综指,XSHG,2014-12-31,3165.82,3172.6,3157.26,3239.36,3234.68,40599852100,4.32319844015e+11,68.86,0.021751
000001.ZICN,000001,上海证券交易所,上证综指,XSHG,2015-01-05,3234.68,3258.63,3253.88,3369.28,3350.52,53135239100,5.49760106398e+11,115.84,0.035812
000001.ZICN,000001,上海证券交易所,上证综指,XSHG,2015-01-06,3350.52,3330.8,3303.18,3394.22,3351.45,50166169500,5.32398463844e+11,0.93,0.000278
000001.ZICN,000001,上海证券交易所,上证综指,XSHG,2015-01-07,3351.45,3326.65,3312.21,3374.9,3373.95,39191888000,4.36416698934e+11,22.5,0.006714
000001.ZICN,000001,上海证券交易所,上证综指,XSHG,2015-01-08,3373.95,3371.96,3285.1,3381.57,3293.46,37113117000,3.99230297448e+11,-80.49,-0.023856
000001.ZICN,000001,上海证券交易所,上证综指,XSHG,2015-01-09,3293.46,3276.97,3267.51,3404.83,3285.41,41024087200,4.58648012598e+11,-8.05,-0.002444
000001.ZICN,000001,上海证券交易所,上证综指,XSHG,2015-01-12,3285.41,3258.21,3191.58,3275.19,3229.32,32206467900,3.66273059514e+11,-56.09,-0.017072
000001.ZICN,000001,上海证券交易所,上证综指,XSHG,2015-01-13,3229.32,3223.54,3214.41,3259.39,3235.3,23072575400,2.73588773806e+11,5.98,0.001852
000001.ZICN,000001,上海证券交易所,上证综指,XSHG,2015-01-14,3235.3,3242.34,3193.98,3268.48,3222.44,24019074700,2.67204528501e+11,-12.86,-0.003975
000001.ZICN,000001,上海证券交易所,上证综指,XSHG,2015-01-15,3222.44,3224.07,3207.545,3337.084,3336.455,28254624000,3.30610537916e+11,114.015,0.035382
000001.ZICN,000001,上海证券交易所,上证综指,XSHG,2015-01-16,3336.455,3343.603,3340.49,3400.318,3376.495,33987675300,3.92253901947e+11,40.04,0.012001
000001.ZICN,000001,上海证券交易所,上证综指,XSHG,2015-01-19,3376.495,3189.727,3095.066,3262.207,3116.351,40109878900,4.09885991967e+11,-260.144,-0.077046
000001.ZICN,000001,上海证券交易所,上证综指,XSHG,2015-01-20,3116.351,3114.56,3100.477,3190.245,3173.052,35708081100,4.16295210514e+11,56.701,0.018195
000001.ZICN,000001,上海证券交易所,上证综指,XSHG,2015-01-21,3173.052,3189.085,3178.343,3337.004,3323.611,41095602400,4.73758667167e+11,150.559,0.047449
000001.ZICN,000001,上海证券交易所,上证综指,XSHG,2015-01-22,3323.611,3327.319,3293.978,3352.384,3343.344,35338296100,4.07874066619e+11,19.733,0.005937
000001.ZICN,000001,上海证券交易所,上证综指,XSHG,2015-01-23,3343.344,3357.096,3328.293,3406.786,3351.764,36624924000,4.20979534063e+11,8.42,0.002518
000001.ZICN,000001,上海证券交易所,上证综指,XSHG,2015-01-26,3351.764,3347.257,3321.315,3384.798,3383.182,31754100700,3.58427470856e+11,31.418,0.009374
000001.ZICN,000001,上海证券交易所,上证综指,XSHG,2015-01-27,3383.182,3389.853,3290.219,3390.216,3352.96,37451755100,4.18298870196e+11,-30.222,-0.008933
000001.ZICN,000001,上海证券交易所,上证综指,XSHG,2015-01-28,3352.96,3325.722,3294.655,3354.802,3305.738,30192709500,3.41564300104e+11,-47.222,-0.014084
000001.ZICN,000001,上海证券交易所,上证综指,XSHG,2015-01-29,3305.738,3258.997,3234.241,3286.786,3262.305,27465861300,2.96424499722e+11,-43.433,-0.013139
000001.ZICN,000001,上海证券交易所,上证综指,XSHG,2015-01-30,3262.305,3273.747,3210.308,3288.503,3210.363,25831254800,2.84265652114e+11,-51.942,-0.015922
000001.ZICN,000001,上海证券交易所,上证综指,XSHG,2015-02-02,3210.363,3148.136,3122.572,3175.134,3128.3,25086162900,2.66849961763e+11,-82.063,-0.025562
000001.ZICN,000001,上海证券交易所,上证综指,XSHG,2015-02-03,3128.3,3156.086,3129.732,3207.935,3204.907,24819216400,2.83355954757e+11,76.607,0.024488
000001.ZICN,000001,上海证券交易所,上证综指,XSHG,2015-02-04,3204.907,3212.822,3171.144,3238.982,3174.126,24909808600,2.90155154574e+11,-30.781,-0.009604
000001.ZICN,000001,上海证券交易所,上证综指,XSHG,2015-02-05,3174.126,3251.212,3135.819,3251.212,3136.531,30613930500,3.48266954936e+11,-37.595,-0.011844
000001.ZICN,000001,上海证券交易所,上证综指,XSHG,2015-02-06,3136.531,3120.09,3052.939,3129.539,3075.907,24674966600,2.66502786486e+11,-60.624,-0.019328
000001.ZICN,000001,上海证券交易所,上证综指,XSHG,2015-02-09,3075.907,3063.51,3049.111,3119.034,3095.124,20610838300,2.40719679061e+11,19.217,0.006248
000001.ZICN,000001,上海证券交易所,上证综指,XSHG,2015-02-10,3095.124,3090.49,3084.253,3142.099,3141.593,19381713900,2.25084911951e+11,46.469,0.015014
000001.ZICN,000001,上海证券交易所,上证综指,XSHG,2015-02-11,3141.593,3145.765,3139.052,3166.421,3157.704,17284009400,2.10862549367e+11,16.111,0.005128
000001.ZICN,000001,上海证券交易所,上证综指,XSHG,2015-02-12,3157.704,3157.959,3134.244,3181.766,3173.416,19459230900,2.29691579784e+11,15.712,0.004976
000001.ZICN,000001,上海证券交易所,上证综指,XSHG,2015-02-13,3173.416,3186.808,3182.794,3237.159,3203.827,26129043600,2.93017678939e+11,30.411,0.009583
000001.ZICN,000001,上海证券交易所,上证综指,XSHG,2015-02-16,3203.827,3206.137,3195.884,3228.846,3222.363,22379742900,2.65950695641e+11,18.536,0.005786
000001.ZICN,000001,上海证券交易所,上证综指,XSHG,2015-02-17,3222.363,3230.884,3230.772,3255.725,3246.906,22833262400,2.6334005408e+11,24.543,0.007616
000001.ZICN,000001,上海证券交易所,上证综指,XSHG,2015-02-25,3246.906,3256.479,3215.552,3257.223,3228.843,23334809400,2.65143351568e+11,-18.063,-0.005563
000001.ZICN,000001,上海证券交易所,上证综指,XSHG,2015-02-26,3228.843,3222.151,3202.188,3300.616,3298.359,30126387500,3.34347476047e+11,69.516,0.02153
000001.ZICN,000001,上海证券交易所,上证综指,XSHG,2015-02-27,3298.359,3296.831,3291.007,3324.546,3310.303,29916371700,3.35019568776e+11,11.944,0.003621
000001.ZICN,000001,上海证券交易所,上证综指,XSHG,2015-03-02,3310.303,3332.721,3298.669,3336.76,3336.285,34644567100,4.10259559474e+11,25.982,0.007849
000001.ZICN,000001,上海证券交易所,上证综指,XSHG,2015-03-03,3336.285,3317.695,3260.429,3317.695,3263.052,38204461900,4.41593480102e+11,-73.233,-0.02195
000001.ZICN,000001,上海证券交易所,上证综指,XSHG,2015-03-04,3263.052,3264.182,3250.484,3286.588,3279.533,29363952200,3.4678976932e+11,16.481,0.005051
000001.ZICN,000001,上海证券交易所,上证综指,XSHG,2015-03-05,3279.533,3264.085,3221.666,3266.638,3248.476,32066358500,3.73579996448e+11,-31.057,-0.00947
000001.ZICN,000001,上海证券交易所,上证综指,XSHG,2015-03-06,3248.476,3248.036,3234.533,3266.933,3241.187,28291579100,3.2834415293e+11,-7.289,-0.002244
000001.ZICN,000001,上海证券交易所,上证综指,XSHG,2015-03-09,3241.187,3224.314,3198.37,3307.702,3302.408,32149544000,3.59927522111e+11,61.221,0.018888
000001.ZICN,000001,上海证券交易所,上证综指,XSHG,2015-03-10,3302.408,3289.085,3277.095,3309.915,3286.068,28581757600,3.29955974292e+11,-16.34,-0.004948
000001.ZICN,000001,上海证券交易所,上证综指,XSHG,2015-03-11,3286.068,3289.594,3278.471,3325.054,3290.9,28298553500,3.27573066473e+11,4.832,0.00147
000001.ZICN,000001,上海证券交易所,上证综指,XSHG,2015-03-12,3290.9,3314.813,3300.488,3360.054,3349.323,35729510500,4.07192390375e+11,58.423,0.017753
000001.ZICN,000001,上海证券交易所,上证综指,XSHG,2015-03-13,3349.323,3359.488,3352.15,3391.255,3372.911,32841015400,3.74041421892e+11,23.588,0.007043
000001.ZICN,000001,上海证券交易所,上证综指,XSHG,2015-03-16,3372.911,3391.158,3377.087,3449.305,3449.305,39913243000,4.79355307996e+11,76.394,0.022649
000001.ZICN,000001,上海证券交易所,上证综指,XSHG,2015-03-17,3449.305,3469.603,3459.694,3504.123,3502.847,52093950600,6.01500660539e+11,53.542,0.015523
000001.ZICN,000001,上海证券交易所,上证综指,XSHG,2015-03-18,3502.847,3510.501,3503.853,3577.662,3577.301,54521714400,6.17366988734e+11,74.454,0.021255
000001.ZICN,000001,上海证券交易所,上证综指,XSHG,2015-03-19,3577.301,3576.019,3546.844,3600.684,3582.271,53734661400,6.12249692064e+11,4.97,0.001389
000001.ZICN,000001,上海证券交易所,上证综指,XSHG,2015-03-20,3582.271,3587.084,3569.38,3632.338,3617.318,51666166900,6.51771976728e+11,35.047,0.009783
000001.ZICN,000001,上海证券交易所,上证综指,XSHG,2015-03-23,3617.318,3640.104,3635.485,3688.249,3687.728,53606283200,6.61574620089e+11,70.41,0.019465
000001.ZICN,000001,上海证券交易所,上证综指,XSHG,2015-03-24,3687.728,3692.569,3600.698,3715.873,3691.41,63955466900,7.5488473476e+11,3.682,0.000998
000001.ZICN,000001,上海证券交易所,上证综指,XSHG,2015-03-25,3691.41,3680.953,3634.559,3693.151,3660.727,52188634800,6.45498915766e+11,-30.683,-0.008312
000001.ZICN,000001,上海证券交易所,上证综指,XSHG,2015-03-26,3660.727,3641.942,3615.011,3707.318,3682.095,48864720300,6.19515611668e+11,21.368,0.005837
000001.ZICN,000001,上海证券交易所,上证综指,XSHG,2015-03-27,3682.095,3686.134,3656.831,3710.477,3691.096,40894516500,5.0929846295e+11,9.001,0.002445
000001.ZICN,000001,上海证券交易所,上证综指,XSHG,2015-03-30,3691.096,3710.612,3710.612,3795.935,3786.568,56470235300,6.92125351313e+11,95.472,0.025865
000001.ZICN,000001,上海证券交易所,上证综指,XSHG,2015-03-31,3786.568,3822.987,3737.043,3835.567,3747.899,56167603700,7.21294947424e+11,-38.669,-0.010212
000001.ZICN,000001,上海证券交易所,上证综指,XSHG,2015-04-01,3747.899,3748.34,3742.213,3817.082,3810.294,44745831900,5.92418305846e+11,62.395,0.016648
000001.ZICN,000001,上海证券交易所,上证综指,XSHG,2015-04-02,3810.294,3827.689,3775.894,3835.451,3825.784,47929967300,6.32028908257e+11,15.49,0.004065
000001.ZICN,000001,上海证券交易所,上证综指,XSHG,2015-04-03,3825.784,3803.383,3792.211,3864.405,3863.929,47303331100,6.35651328025e+11,38.145,0.009971
000001.ZICN,000001,上海证券交易所,上证综指,XSHG,2015-04-07,3863.929,3899.42,3891.728,3961.666,3961.378,57044753500,7.4642400204e+11,97.449,0.02522
000001.ZICN,000001,上海证券交易所,上证综指,XSHG,2015-04-08,3961.378,3976.532,3903.648,4000.22,3994.811,61808541900,8.39159306737e+11,33.433,0.00844
000001.ZICN,000001,上海证券交易所,上证综指,XSHG,2015-04-09,3994.811,4006.13,3900.027,4016.396,3957.534,58517682500,8.16710896323e+11,-37.277,-0.009331
000001.ZICN,000001,上海证券交易所,上证综指,XSHG,2015-04-10,3957.534,3947.492,3929.319,4040.348,4034.31,48428361900,6.6850417593e+11,76.776,0.0194
000001.ZICN,000001,上海证券交易所,上证综指,XSHG,2015-04-13,4034.31,4072.723,4057.293,4128.072,4121.715,58981422700,7.81667346039e+11,87.405,0.021665
000001.ZICN,000001,上海证券交易所,上证综指,XSHG,2015-04-14,4121.715,4125.782,4091.257,4168.346,4135.565,61068354100,8.14645192545e+11,13.85,0.00336
000001.ZICN,000001,上海证券交易所,上证综指,XSHG,2015-04-15,4135.565,4135.648,4069.007,4175.494,4084.163,61300581200,7.73125881558e+11,-51.402,-0.012429
000001.ZICN,000001,上海证券交易所,上证综指,XSHG,2015-04-16,4084.163,4055.916,4031.244,4195.305,4194.823,55124295600,7.12082436676e+11,110.66,0.027095
000001.ZICN,000001,上海证券交易所,上证综指,XSHG,2015-04-17,4194.823,4254.723,4238.91,4317.223,4287.296,70170620500,9.1563303783e+11,92.473,0.022045
000001.ZICN,000001,上海证券交易所,上证综指,XSHG,2015-04-20,4287.296,4301.352,4190.681,4356.001,4217.077,85713280700,1.14760060426e+12,-70.219,-0.016378
000001.ZICN,000001,上海证券交易所,上证综指,XSHG,2015-04-21,4217.077,4212.185,4188.569,4294.375,4293.623,63447062700,8.62447782633e+11,76.546,0.018151
000001.ZICN,000001,上海证券交易所,上证综指,XSHG,2015-04-22,4293.623,4304.597,4297.951,4400.193,4398.494,68030508600,9.76876960434e+11,104.871,0.024425
000001.ZICN,000001,上海证券交易所,上证综指,XSHG,2015-04-23,4398.494,4414.485,4358.844,4444.41,4414.508,66734466100,9.63024929251e+11,16.014,0.003641
000001.ZICN,000001,上海证券交易所,上证综指,XSHG,2015-04-24,4414.508,4355.951,4318.119,4416.376,4393.686,62855499600,9.16872935533e+11,-20.822,-0.004717
000001.ZICN,000001,上海证券交易所,上证综指,XSHG,2015-04-27,4393.686,4441.929,4441.929,4529.735,4527.396,67108852100,9.7524209376e+11,133.71,0.030432
000001.ZICN,000001,上海证券交易所,上证综指,XSHG,2015-04-28,4527.396,4527.635,4432.904,4572.391,4476.215,76767641600,1.06114455642e+12,-51.181,-0.011305
000001.ZICN,000001,上海证券交易所,上证综指,XSHG,2015-04-29,4476.215,4446.119,4398.639,4499.945,4476.62,51983420200,7.5240178594e+11,0.405,9e-05
000001.ZICN,000001,上海证券交易所,上证综指,XSHG,2015-04-30,4476.62,4483.013,4441.054,4507.344,4441.655,52672797500,7.74349211674e+11,-34.965,-0.007811
000001.ZICN,000001,上海证券交易所,上证综指,XSHG,2015-05-04,4441.655,4441.343,4387.426,4487.57,4480.464,49417339800,7.17540809442e+11,38.809,0.008738
000001.ZICN,000001,上海证券交易所,上证综指,XSHG,2015-05-05,4480.464,4479.848,4282.237,4488.865,4298.706,57285859600,8.05566079218e+11,-181.758,-0.040567
000001.ZICN,000001,上海证券交易所,上证综指,XSHG,2015-05-06,4298.706,4311.641,4187.368,4376.353,4229.266,48173299300,7.16536206667e+11,-69.44,-0.016154
000001.ZICN,000001,上海证券交易所,上证综指,XSHG,2015-05-07,4229.266,4197.896,4108.009,4213.764,4112.214,39456665300,5.40206291394e+11,-117.052,-0.027677
000001.ZICN,000001,上海证券交易所,上证综指,XSHG,2015-05-08,4112.214,4152.984,4099.042,4206.86,4205.917,39742809400,5.59648658845e+11,93.703,0.022787
000001.ZICN,000001,上海证券交易所,上证综指,XSHG,2015-05-11,4205.917,4231.271,4187.82,4334.877,4333.584,48875051500,7.15246611473e+11,127.667,0.030354
000001.ZICN,000001,上海证券交易所,上证综指,XSHG,2015-05-12,4333.584,4342.37,4317.975,4402.309,4401.219,52186640800,7.93463723357e+11,67.635,0.015607
000001.ZICN,000001,上海证券交易所,上证综指,XSHG,2015-05-13,4401.219,4402.378,4342.481,4415.629,4375.76,51049047500,7.80754937529e+11,-25.459,-0.005785
000001.ZICN,000001,上海证券交易所,上证综指,XSHG,2015-05-14,4375.76,4372.816,4329.042,4397.745,4378.311,44907793500,6.69882275551e+11,2.551,0.000583
000001.ZICN,000001,上海证券交易所,上证综指,XSHG,2015-05-15,4378.311,4366.822,4278.553,4366.822,4308.691,43970619800,6.65965618548e+11,-69.62,-0.015901
000001.ZICN,000001,上海证券交易所,上证综指,XSHG,2015-05-18,4308.691,4277.895,4260.509,4324.826,4283.491,38005745200,5.94559493076e+11,-25.2,-0.005849
000001.ZICN,000001,上海证券交易所,上证综指,XSHG,2015-05-19,4283.491,4285.777,4285.777,4418.403,4417.552,43673522400,6.93812586577e+11,134.061,0.031297
000001.ZICN,000001,上海证券交易所,上证综指,XSHG,2015-05-20,4417.552,4434.979,4432.279,4520.538,4446.288,51410622300,8.06080531967e+11,28.736,0.006505
000001.ZICN,000001,上海证券交易所,上证综指,XSHG,2015-05-21,4446.288,4456.435,4438.258,4530.478,4529.422,46499652000,7.29080613491e+11,83.134,0.018697
000001.ZICN,000001,上海证券交易所,上证综指,XSHG,2015-05-22,4529.422,4584.984,4562.989,4658.273,4657.596,65559128700,1.00716738738e+12,128.174,0.028298
000001.ZICN,000001,上海证券交易所,上证综指,XSHG,2015-05-25,4657.596,4660.075,4656.825,4814.672,4813.798,68246139100,1.0792868013e+12,156.202,0.033537
000001.ZICN,000001,上海证券交易所,上证综指,XSHG,2015-05-26,4813.798,4854.85,4779.075,4911.685,4910.897,70489282900,1.13850167187e+12,97.099,0.020171
000001.ZICN,000001,上海证券交易所,上证综指,XSHG,2015-05-27,4910.897,4932.846,4857.056,4958.156,4941.714,68116537900,1.1162567967e+12,30.817,0.006275
000001.ZICN,000001,上海证券交易所,上证综指,XSHG,2015-05-28,4941.714,4943.742,4614.241,4986.503,4620.266,78296459200,1.24792602624e+12,-321.448,-0.065048
000001.ZICN,000001,上海证券交易所,上证综指,XSHG,2015-05-29,4620.266,4603.465,4431.563,4698.193,4611.744,61126240900,9.55365592128e+11,-8.522,-0.001844
000001.ZICN,000001,上海证券交易所,上证综指,XSHG,2015-06-01,4611.744,4633.098,4615.231,4829.502,4828.738,59338903500,9.34455504512e+11,216.994,0.047052
000001.ZICN,000001,上海证券交易所,上证综指,XSHG,2015-06-02,4828.738,4844.704,4797.552,4911.574,4910.527,62374809900,9.98745749729e+11,81.789,0.016938
000001.ZICN,000001,上海证券交易所,上证综指,XSHG,2015-06-03,4910.527,4924.381,4822.442,4942.065,4909.978,61145383900,1.01017788473e+12,-0.549,-0.000112
000001.ZICN,000001,上海证券交易所,上证综指,XSHG,2015-06-04,4909.978,4912.945,4647.407,4947.965,4947.102,67495240200,1.0522654376e+12,37.124,0.007561
000001.ZICN,000001,上海证券交易所,上证综指,XSHG,2015-06-05,4947.102,5016.088,4898.068,5051.626,5023.096,77224081200,1.23229659205e+12,75.994,0.015361
000001.ZICN,000001,上海证券交易所,上证综指,XSHG,2015-06-08,5023.096,5045.694,4997.481,5146.949,5131.881,85503508500,1.309924508e+12,108.785,0.021657
000001.ZICN,000001,上海证券交易所,上证综指,XSHG,2015-06-09,5131.881,5145.978,5042.963,5147.454,5113.534,72989381800,1.1508085886e+12,-18.347,-0.003575
000001.ZICN,000001,上海证券交易所,上证综指,XSHG,2015-06-10,5113.534,5049.197,5001.489,5164.162,5106.036,59696900100,1.0054322831e+12,-7.498,-0.001466
000001.ZICN,000001,上海证券交易所,上证综指,XSHG,2015-06-11,5106.036,5101.44,5050.765,5122.457,5121.593,56399052200,9.746657676e+11,15.557,0.003047
000001.ZICN,000001,上海证券交易所,上证综指,XSHG,2015-06-12,5121.593,5143.343,5103.401,5178.191,5166.35,62562785400,1.0601646068e+12,44.757,0.008739
000001.ZICN,000001,上海证券交易所,上证综指,XSHG,2015-06-15,5166.35,5174.418,5048.742,5176.795,5062.993,63780398400,1.0649876934e+12,-103.357,-0.020006
000001.ZICN,000001,上海证券交易所,上证综指,XSHG,2015-06-16,5062.993,5004.412,4842.1,5029.684,4887.432,55080140700,8.95420555855e+11,-175.561,-0.034675
000001.ZICN,000001,上海证券交易所,上证综指,XSHG,2015-06-17,4887.432,4890.551,4767.216,4983.658,4967.898,53710116800,8.30266749716e+11,80.466,0.016464
000001.ZICN,000001,上海证券交易所,上证综指,XSHG,2015-06-18,4967.898,4942.52,4780.873,4966.767,4785.356,50744089900,7.8584507522e+11,-182.542,-0.036744
000001.ZICN,000001,上海证券交易所,上证综指,XSHG,2015-06-19,4785.356,4689.929,4476.501,4744.081,4478.364,45268962600,6.85458198736e+11,-306.992,-0.064152
000001.ZICN,000001,上海证券交易所,上证综指,XSHG,2015-06-23,4478.364,4471.613,4264.772,4577.939,4576.492,47352612800,6.93617191338e+11,98.128,0.021912
000001.ZICN,000001,上海证券交易所,上证综指,XSHG,2015-06-24,4576.492,4604.579,4552.129,4691.768,4690.15,54300370900,8.15062691654e+11,113.658,0.024835
000001.ZICN,000001,上海证券交易所,上证综指,XSHG,2015-06-25,4690.15,4711.763,4483.548,4720.701,4527.779,57279753300,8.65379730764e+11,-162.371,-0.03462
000001.ZICN,000001,上海证券交易所,上证综指,XSHG,2015-06-26,4527.779,4399.933,4139.53,4456.896,4192.873,56521787400,7.87835743033e+11,-334.906,-0.073967
000001.ZICN,000001,上海证券交易所,上证综指,XSHG,2015-06-29,4192.873,4289.771,3875.05,4297.475,4053.03,67378634900,9.0427139504e+11,-139.843,-0.033353
000001.ZICN,000001,上海证券交易所,上证综指,XSHG,2015-06-30,4053.03,4006.754,3847.88,4279.969,4277.222,70917663300,9.41524659857e+11,224.192,0.055315
000001.ZICN,000001,上海证券交易所,上证综指,XSHG,2015-07-01,4277.222,4214.15,4043.367,4317.053,4053.7,59876942700,8.38070926187e+11,-223.522,-0.052259
000001.ZICN,000001,上海证券交易所,上证综指,XSHG,2015-07-02,4053.7,4058.624,3795.253,4080.387,3912.767,58601561200,7.36006857593e+11,-140.933,-0.034767
000001.ZICN,000001,上海证券交易所,上证综指,XSHG,2015-07-03,3912.767,3793.712,3629.556,3927.128,3686.915,54816311100,6.48054100385e+11,-225.852,-0.057722
000001.ZICN,000001,上海证券交易所,上证综指,XSHG,2015-07-06,3686.915,3975.214,3653.037,3975.214,3775.912,83113928600,9.43420425904e+11,88.997,0.024139
000001.ZICN,000001,上海证券交易所,上证综指,XSHG,2015-07-07,3775.912,3654.778,3585.399,3750.57,3727.125,69881868800,7.76072544948e+11,-48.787,-0.012921
000001.ZICN,000001,上海证券交易所,上证综指,XSHG,2015-07-08,3727.125,3467.399,3421.525,3599.253,3507.192,68035692200,7.00248338565e+11,-219.933,-0.059009
000001.ZICN,000001,上海证券交易所,上证综指,XSHG,2015-07-09,3507.192,3432.454,3373.54,3748.479,3709.33,65691461200,6.73310983764e+11,202.138,0.057635
000001.ZICN,000001,上海证券交易所,上证综指,XSHG,2015-07-10,3709.33,3707.458,3677.435,3959.22,3877.803,58636425500,6.80434151219e+11,168.473,0.045419
000001.ZICN,000001,上海证券交易所,上证综指,XSHG,2015-07-13,3877.803,3918.99,3858.637,4030.195,3970.388,64348900700,7.8243054334e+11,92.585,0.023876
000001.ZICN,000001,上海证券交易所,上证综指,XSHG,2015-07-14,3970.388,3958.373,3855.56,4035.435,3924.487,67055879900,8.30074682766e+11,-45.901,-0.011561
000001.ZICN,000001,上海证券交易所,上证综指,XSHG,2015-07-15,3924.487,3874.968,3741.25,3914.273,3805.703,60130132400,7.00536523044e+11,-118.784,-0.030267
000001.ZICN,000001,上海证券交易所,上证综指,XSHG,2015-07-16,3805.703,3758.505,3688.442,3877.514,3823.176,49225620000,5.6985893811e+11,17.473,0.004591
000001.ZICN,000001,上海证券交易所,上证综指,XSHG,2015-07-17,3823.176,3831.421,3814.147,3994.477,3957.352,48172626800,5.93066980721e+11,134.176,0.035095
000001.ZICN,000001,上海证券交易所,上证综指,XSHG,2015-07-20,3957.352,3948.421,3927.121,4021.326,3992.11,53910671400,6.88255569389e+11,34.758,0.008783
000001.ZICN,000001,上海证券交易所,上证综指,XSHG,2015-07-21,3992.11,3939.898,3912.801,4041.819,4017.675,50428802800,6.46416846829e+11,25.565,0.006404
000001.ZICN,000001,上海证券交易所,上证综指,XSHG,2015-07-22,4017.675,3996.427,3960.864,4042.338,4026.045,52073222500,6.78831919275e+11,8.37,0.002083
000001.ZICN,000001,上海证券交易所,上证综指,XSHG,2015-07-23,4026.045,4022.268,4019.038,4132.612,4123.923,56358596600,7.43531874268e+11,97.878,0.024311
000001.ZICN,000001,上海证券交易所,上证综指,XSHG,2015-07-24,4123.923,4124.755,4044.831,4184.449,4070.908,62742486000,8.43022070389e+11,-53.015,-0.012855
000001.ZICN,000001,上海证券交易所,上证综指,XSHG,2015-07-27,4070.908,3985.57,3720.444,4051.159,3725.558,55600324700,7.21298088691e+11,-345.35,-0.084834
000001.ZICN,000001,上海证券交易所,上证综指,XSHG,2015-07-28,3725.558,3573.143,3537.358,3762.526,3663.002,56333004200,6.85057523948e+11,-62.556,-0.016791
000001.ZICN,000001,上海证券交易所,上证综指,XSHG,2015-07-29,3663.002,3689.825,3612.064,3792.072,3789.168,43435208500,5.57491964594e+11,126.166,0.034443
000001.ZICN,000001,上海证券交易所,上证综指,XSHG,2015-07-30,3789.168,3773.788,3685.956,3844.374,3705.766,45794322800,6.15977923152e+11,-83.402,-0.022011
000001.ZICN,000001,上海证券交易所,上证综指,XSHG,2015-07-31,3705.766,3655.667,3620.165,3729.512,3663.726,35095574500,4.60472253774e+11,-42.04,-0.011344
000001.ZICN,000001,上海证券交易所,上证综指,XSHG,2015-08-03,3663.726,3614.99,3549.496,3648.943,3622.905,36396873100,4.45991593475e+11,-40.821,-0.011142
000001.ZICN,000001,上海证券交易所,上证综指,XSHG,2015-08-04,3622.905,3621.855,3601.289,3757.029,3756.545,36290166600,4.64036242967e+11,133.64,0.036888
000001.ZICN,000001,上海证券交易所,上证综指,XSHG,2015-08-05,3756.545,3745.646,3676.39,3782.352,3694.573,36642297900,4.83850277393e+11,-61.972,-0.016497
000001.ZICN,000001,上海证券交易所,上证综指,XSHG,2015-08-06,3694.573,3625.504,3614.742,3710.57,3661.539,27407466300,3.57515147167e+11,-33.034,-0.008941
000001.ZICN,000001,上海证券交易所,上证综指,XSHG,2015-08-07,3661.539,3692.614,3686.3,3756.74,3744.205,34075718400,4.45485029431e+11,82.666,0.022577
000001.ZICN,000001,上海证券交易所,上证综指,XSHG,2015-08-10,3744.205,3786.033,3775.854,3943.624,3928.415,49730431900,6.52622008945e+11,184.21,0.049199
000001.ZICN,000001,上海证券交易所,上证综指,XSHG,2015-08-11,3928.415,3928.808,3891.179,3970.337,3927.908,53892346000,7.12289933154e+11,-0.507,-0.000129
000001.ZICN,000001,上海证券交易所,上证综指,XSHG,2015-08-12,3927.908,3881.228,3871.136,3937.772,3886.32,44268827800,5.97050259293e+11,-41.588,-0.010588
000001.ZICN,000001,上海证券交易所,上证综指,XSHG,2015-08-13,3886.32,3869.911,3838.159,3955.789,3954.556,43007330300,5.78685519561e+11,68.236,0.017558
000001.ZICN,000001,上海证券交易所,上证综指,XSHG,2015-08-14,3954.556,3976.405,3939.835,4000.684,3965.335,46798821700,6.47466472559e+11,10.779,0.002726
000001.ZICN,000001,上海证券交易所,上证综指,XSHG,2015-08-17,3965.335,3947.844,3907.399,3994.537,3993.668,46043206000,6.26327680299e+11,28.333,0.007145
000001.ZICN,000001,上海证券交易所,上证综指,XSHG,2015-08-18,3993.668,3999.134,3743.394,4006.337,3748.164,54377082200,7.22467247365e+11,-245.504,-0.061473
000001.ZICN,000001,上海证券交易所,上证综指,XSHG,2015-08-19,3748.164,3646.803,3558.383,3811.427,3794.109,47539623900,5.99513277258e+11,45.945,0.012258
000001.ZICN,000001,上海证券交易所,上证综指,XSHG,2015-08-20,3794.109,3754.567,3663.607,3788.005,3664.291,39006305700,5.01194992628e+11,-129.818,-0.034216
000001.ZICN,000001,上海证券交易所,上证综指,XSHG,2015-08-21,3664.291,3609.959,3490.54,3652.837,3507.744,36992047900,4.50616485183e+11,-156.547,-0.042722
000001.ZICN,000001,上海证券交易所,上证综指,XSHG,2015-08-24,3507.744,3373.478,3191.879,3388.364,3209.905,33467179200,3.58818882677e+11,-297.839,-0.084909
000001.ZICN,000001,上海证券交易所,上证综指,XSHG,2015-08-25,3209.905,3004.126,2947.944,3123.034,2964.967,35232511000,3.58735780116e+11,-244.938,-0.076307
000001.ZICN,000001,上海证券交易所,上证综指,XSHG,2015-08-26,2964.967,2980.794,2850.714,3092.041,2927.288,46669966300,4.6178898139e+11,-37.679,-0.012708
000001.ZICN,000001,上海证券交易所,上证综指,XSHG,2015-08-27,2927.288,2978.03,2906.49,3085.422,3083.591,40030839800,4.04289306103e+11,156.303,0.053395
000001.ZICN,000001,上海证券交易所,上证综指,XSHG,2015-08-28,3083.591,3125.264,3102.945,3235.839,3232.35,44313692800,4.74631023331e+11,148.759,0.048242
000001.ZICN,000001,上海证券交易所,上证综指,XSHG,2015-08-31,3232.35,3203.559,3109.163,3207.862,3205.986,39743138200,4.31068601209e+11,-26.364,-0.008156
000001.ZICN,000001,上海证券交易所,上证综指,XSHG,2015-09-01,3205.986,3157.832,3053.738,3180.331,3166.624,43243246800,4.20411621758e+11,-39.362,-0.012278
000001.ZICN,000001,上海证券交易所,上证综指,XSHG,2015-09-02,3166.624,3027.678,3019.087,3194.485,3160.167,43817015300,4.23262356087e+11,-6.457,-0.002039
000001.ZICN,000001,上海证券交易所,上证综指,XSHG,2015-09-07,3160.167,3149.38,3066.304,3217.579,3080.42,29646811400,3.02689722336e+11,-79.747,-0.025235
000001.ZICN,000001,上海证券交易所,上证综指,XSHG,2015-09-08,3080.42,3054.444,3011.117,3174.709,3170.452,25541546500,2.63910382052e+11,90.032,0.029227
000001.ZICN,000001,上海证券交易所,上证综指,XSHG,2015-09-09,3170.452,3182.552,3165.696,3256.743,3243.089,37532797800,4.12991428267e+11,72.637,0.022911
000001.ZICN,000001,上海证券交易所,上证综指,XSHG,2015-09-10,3243.089,3190.553,3178.904,3243.281,3197.893,27326175900,2.99581090523e+11,-45.196,-0.013936
000001.ZICN,000001,上海证券交易所,上证综指,XSHG,2015-09-11,3197.893,3189.479,3163.449,3223.762,3200.234,22455782200,2.52769467178e+11,2.341,0.000732
000001.ZICN,000001,上海证券交易所,上证综指,XSHG,2015-09-14,3200.234,3221.165,3049.23,3229.482,3114.798,34663115800,3.73576802407e+11,-85.436,-0.026697
000001.ZICN,000001,上海证券交易所,上证综指,XSHG,2015-09-15,3114.798,3043.805,2983.92,3081.703,3005.172,24919444500,2.43904590422e+11,-109.626,-0.035195
000001.ZICN,000001,上海证券交易所,上证综指,XSHG,2015-09-16,3005.172,2998.036,2983.535,3182.934,3152.263,27752452400,2.81992256964e+11,147.091,0.048946
000001.ZICN,000001,上海证券交易所,上证综指,XSHG,2015-09-17,3152.263,3131.982,3085.314,3204.702,3086.061,31760289200,3.37393270978e+11,-66.202,-0.021001
000001.ZICN,000001,上海证券交易所,上证综指,XSHG,2015-09-18,3086.061,3100.28,3070.336,3122.048,3097.917,20917539800,2.18442429992e+11,11.856,0.003842
000001.ZICN,000001,上海证券交易所,上证综指,XSHG,2015-09-21,3097.917,3072.094,3060.856,3159.883,3156.54,23989735400,2.59796673584e+11,58.623,0.018923
000001.ZICN,000001,上海证券交易所,上证综指,XSHG,2015-09-22,3156.54,3161.318,3152.481,3213.476,3185.619,27478615400,3.050713245e+11,29.079,0.009212
000001.ZICN,000001,上海证券交易所,上证综指,XSHG,2015-09-23,3185.619,3137.723,3104.744,3164.041,3115.888,23632267000,2.57560036032e+11,-69.731,-0.021889
000001.ZICN,000001,上海证券交易所,上证综指,XSHG,2015-09-24,3115.888,3126.491,3109.691,3151.165,3142.687,21288772300,2.31369054767e+11,26.799,0.008601
000001.ZICN,000001,上海证券交易所,上证综指,XSHG,2015-09-25,3142.687,3130.851,3062.995,3149.948,3092.347,23626387100,2.48971120664e+11,-50.34,-0.016018
000001.ZICN,000001,上海证券交易所,上证综指,XSHG,2015-09-28,3092.347,3085.567,3042.31,3103.069,3100.756,15672753000,1.66422394798e+11,8.409,0.002719
000001.ZICN,000001,上海证券交易所,上证综指,XSHG,2015-09-29,3100.756,3055.218,3021.157,3068.298,3038.137,16322267300,1.69686597162e+11,-62.619,-0.020195
000001.ZICN,000001,上海证券交易所,上证综指,XSHG,2015-09-30,3038.137,3052.841,3039.742,3073.3,3052.781,14664244900,1.5656919754e+11,14.644,0.00482
000001.ZICN,000001,上海证券交易所,上证综指,XSHG,2015-10-08,3052.781,3156.075,3133.127,3172.281,3143.357,23427605000,2.58830338655e+11,90.576,0.02967
000001.ZICN,000001,上海证券交易所,上证综指,XSHG,2015-10-09,3143.357,3146.644,3137.788,3192.717,3183.152,23485144500,2.56379112141e+11,39.795,0.01266
000001.ZICN,000001,上海证券交易所,上证综指,XSHG,2015-10-12,3183.152,3193.54,3188.407,3318.714,3287.662,38629471500,4.35541019182e+11,104.51,0.032832
000001.ZICN,000001,上海证券交易所,上证综指,XSHG,2015-10-13,3287.662,3262.156,3253.249,3298.626,3293.23,29715313300,3.34806099305e+11,5.568,0.001694
000001.ZICN,000001,上海证券交易所,上证综指,XSHG,2015-10-14,3293.23,3280.02,3256.253,3307.315,3262.441,29507773900,3.30277519398e+11,-30.789,-0.009349
000001.ZICN,000001,上海证券交易所,上证综指,XSHG,2015-10-15,3262.441,3255.032,3254.392,3338.297,3338.073,31628385100,3.62565554134e+11,75.632,0.023183
000001.ZICN,000001,上海证券交易所,上证综指,XSHG,2015-10-16,3338.073,3358.297,3334.854,3393.018,3391.352,39546057500,4.59447813308e+11,53.279,0.015961
000001.ZICN,000001,上海证券交易所,上证综指,XSHG,2015-10-19,3391.352,3401.627,3355.566,3423.402,3386.7,37811218300,4.53303626902e+11,-4.652,-0.001372
000001.ZICN,000001,上海证券交易所,上证综指,XSHG,2015-10-20,3386.7,3377.547,3357.861,3425.516,3425.33,31897375800,3.83582515358e+11,38.63,0.011406
000001.ZICN,000001,上海证券交易所,上证综指,XSHG,2015-10-21,3425.33,3428.561,3265.436,3447.258,3320.676,45845542800,5.18509230404e+11,-104.654,-0.030553
000001.ZICN,000001,上海证券交易所,上证综指,XSHG,2015-10-22,3320.676,3292.291,3282.993,3373.776,3368.739,32373934100,3.75452024664e+11,48.063,0.014474
000001.ZICN,000001,上海证券交易所,上证综指,XSHG,2015-10-23,3368.739,3377.548,3360.218,3422.022,3412.434,34737285400,4.25263086325e+11,43.695,0.012971
000001.ZICN,000001,上海证券交易所,上证综指,XSHG,2015-10-26,3412.434,3448.649,3402.0,3457.517,3429.581,36556085300,4.53942506416e+11,17.147,0.005025
000001.ZICN,000001,上海证券交易所,上证综指,XSHG,2015-10-27,3429.581,3409.137,3332.616,3441.565,3434.336,32817276800,4.08887226414e+11,4.755,0.001386
000001.ZICN,000001,上海证券交易所,上证综指,XSHG,2015-10-28,3434.336,3417.011,3367.231,3439.758,3375.196,29352328400,3.61656185764e+11,-59.14,-0.01722
000001.ZICN,000001,上海证券交易所,上证综指,XSHG,2015-10-29,3375.196,3387.774,3362.509,3411.714,3387.315,23567602600,2.9450841423e+11,12.119,0.003591
000001.ZICN,000001,上海证券交易所,上证综指,XSHG,2015-10-30,3387.315,3380.284,3346.591,3417.201,3382.561,24359511800,3.07266773445e+11,-4.754,-0.001403
000001.ZICN,000001,上海证券交易所,上证综指,XSHG,2015-11-02,3382.561,3337.578,3322.312,3391.064,3325.085,23095112900,2.86019328064e+11,-57.476,-0.016992
000001.ZICN,000001,上海证券交易所,上证综指,XSHG,2015-11-03,3325.085,3330.316,3302.184,3346.275,3316.695,19289742800,2.44360566383e+11,-8.39,-0.002523
000001.ZICN,000001,上海证券交易所,上证综指,XSHG,2015-11-04,3316.695,3325.619,3325.619,3459.646,3459.64,33907873000,4.26104385846e+11,142.945,0.043099
000001.ZICN,000001,上海证券交易所,上证综指,XSHG,2015-11-05,3459.64,3459.215,3455.525,3585.657,3522.819,55325494700,6.78674611498e+11,63.179,0.018262
000001.ZICN,000001,上海证券交易所,上证综指,XSHG,2015-11-06,3522.819,3514.436,3508.827,3596.382,3590.032,42916703300,5.43282200893e+11,67.213,0.019079
000001.ZICN,000001,上海证券交易所,上证综指,XSHG,2015-11-09,3590.032,3588.498,3588.498,3673.76,3646.881,50301668200,6.36184062179e+11,56.849,0.015835
000001.ZICN,000001,上海证券交易所,上证综指,XSHG,2015-11-10,3646.881,3617.396,3607.891,3669.533,3640.485,42974657600,5.60055120132e+11,-6.396,-0.001754
000001.ZICN,000001,上海证券交易所,上证综指,XSHG,2015-11-11,3640.485,3635.004,3605.621,3654.877,3650.249,36097265100,4.67822205458e+11,9.764,0.002682
000001.ZICN,000001,上海证券交易所,上证综指,XSHG,2015-11-12,3650.249,3656.817,3603.228,3659.315,3632.902,36171760000,4.82832626444e+11,-17.347,-0.004752
000001.ZICN,000001,上海证券交易所,上证综指,XSHG,2015-11-13,3632.902,3600.764,3564.809,3632.556,3580.839,34587093300,4.68668655554e+11,-52.063,-0.014331
000001.ZICN,000001,上海证券交易所,上证综指,XSHG,2015-11-16,3580.839,3522.461,3519.421,3607.612,3606.957,27618705700,3.69421833778e+11,26.118,0.007294
000001.ZICN,000001,上海证券交易所,上证综指,XSHG,2015-11-17,3606.957,3629.977,3598.068,3678.273,3604.795,38357546800,5.21520359621e+11,-2.162,-0.000599
000001.ZICN,000001,上海证券交易所,上证综指,XSHG,2015-11-18,3604.795,3605.061,3558.697,3617.069,3568.468,29758073400,3.92338754802e+11,-36.327,-0.010077
000001.ZICN,000001,上海证券交易所,上证综指,XSHG,2015-11-19,3568.468,3573.776,3561.044,3618.213,3617.062,24791557600,3.28442613169e+11,48.594,0.013618
000001.ZICN,000001,上海证券交易所,上证综指,XSHG,2015-11-20,3617.062,3620.791,3607.915,3640.529,3630.5,31080197200,4.13910905746e+11,13.438,0.003715
000001.ZICN,000001,上海证券交易所,上证综指,XSHG,2015-11-23,3630.5,3630.867,3598.871,3654.754,3610.315,31599747400,4.14148234284e+11,-20.185,-0.00556
000001.ZICN,000001,上海证券交易所,上证综指,XSHG,2015-11-24,3610.315,3602.887,3563.104,3616.484,3616.113,24881052400,3.27758498321e+11,5.798,0.001606
000001.ZICN,000001,上海证券交易所,上证综指,XSHG,2015-11-25,3616.113,3614.068,3607.518,3648.367,3647.93,27302485700,3.80802940006e+11,31.817,0.008799
000001.ZICN,000001,上海证券交易所,上证综指,XSHG,2015-11-26,3647.93,3659.574,3629.865,3668.376,3635.552,30676158200,4.26247412274e+11,-12.378,-0.003393
000001.ZICN,000001,上海证券交易所,上证综指,XSHG,2015-11-27,3635.552,3616.544,3412.427,3621.897,3436.303,35428752500,4.64311247676e+11,-199.249,-0.054806
000001.ZICN,000001,上海证券交易所,上证综指,XSHG,2015-11-30,3436.303,3433.855,3327.812,3470.371,3445.405,30419790300,3.87503652774e+11,9.102,0.002649
000001.ZICN,000001,上海证券交易所,上证综指,XSHG,2015-12-01,3445.405,3442.441,3417.545,3483.414,3456.309,25239075500,3.30256746807e+11,10.904,0.003165
000001.ZICN,000001,上海证券交易所,上证综指,XSHG,2015-12-02,3456.309,3450.278,3427.661,3538.847,3536.905,30149148000,3.69183037702e+11,80.596,0.023319
000001.ZICN,000001,上海证券交易所,上证综指,XSHG,2015-12-03,3536.905,3525.727,3517.23,3591.73,3584.824,28111125500,3.38859090634e+11,47.919,0.013548
000001.ZICN,000001,上海证券交易所,上证综指,XSHG,2015-12-04,3584.824,3558.149,3510.412,3568.97,3524.992,25173641100,3.19766835715e+11,-59.832,-0.01669
000001.ZICN,000001,上海证券交易所,上证综指,XSHG,2015-12-07,3524.992,3529.806,3506.625,3543.945,3536.927,20830257900,2.80561587976e+11,11.935,0.003386
000001.ZICN,000001,上海证券交易所,上证综指,XSHG,2015-12-08,3536.927,3518.648,3466.79,3518.648,3470.07,22436731000,2.97821727299e+11,-66.857,-0.018903
000001.ZICN,000001,上海证券交易所,上证综指,XSHG,2015-12-09,3470.07,3462.583,3454.879,3495.702,3472.439,19569884500,2.67854865116e+11,2.369,0.000683
000001.ZICN,000001,上海证券交易所,上证综指,XSHG,2015-12-10,3472.439,3469.806,3446.273,3503.654,3455.495,20042751700,2.7949970567e+11,-16.944,-0.00488
000001.ZICN,000001,上海证券交易所,上证综指,XSHG,2015-12-11,3455.495,3441.597,3410.924,3455.548,3434.581,18290887800,2.45076424379e+11,-20.914,-0.006052
000001.ZICN,000001,上海证券交易所,上证综指,XSHG,2015-12-14,3434.581,3403.507,3399.28,3521.779,3520.668,21537462000,2.79213529503e+11,86.087,0.025065
000001.ZICN,000001,上海证券交易所,上证综指,XSHG,2015-12-15,3520.668,3518.126,3496.854,3529.961,3510.354,20047134100,2.76274949122e+11,-10.314,-0.00293
000001.ZICN,000001,上海证券交易所,上证综指,XSHG,2015-12-16,3510.354,3522.091,3506.291,3538.689,3516.187,19348231000,2.65288652704e+11,5.833,0.001662
000001.ZICN,000001,上海证券交易所,上证综指,XSHG,2015-12-17,3516.187,3533.628,3533.628,3583.408,3579.999,28385647600,3.81439613286e+11,63.812,0.018148
000001.ZICN,000001,上海证券交易所,上证综指,XSHG,2015-12-18,3579.999,3574.94,3568.161,3614.698,3578.964,27370790400,3.65385805992e+11,-1.035,-0.000289
000001.ZICN,000001,上海证券交易所,上证综指,XSHG,2015-12-21,3578.964,3568.581,3565.751,3651.056,3642.472,29984928000,3.98316970721e+11,63.508,0.017745
000001.ZICN,000001,上海证券交易所,上证综指,XSHG,2015-12-22,3642.472,3645.99,3616.87,3652.635,3651.767,26117876300,3.60846042356e+11,9.295,0.002552
000001.ZICN,000001,上海证券交易所,上证综指,XSHG,2015-12-23,3651.767,3653.282,3633.025,3684.567,3636.089,29820180100,4.19902925873e+11,-15.678,-0.004293
000001.ZICN,000001,上海证券交易所,上证综指,XSHG,2015-12-24,3636.089,3631.313,3572.277,3640.221,3612.485,22778522500,3.15421252147e+11,-23.604,-0.006492
000001.ZICN,000001,上海证券交易所,上证综指,XSHG,2015-12-25,3612.485,3614.054,3601.738,3635.256,3627.914,19845111100,2.74660042604e+11,15.429,0.004271
000001.ZICN,000001,上海证券交易所,上证综指,XSHG,2015-12-28,3627.914,3635.769,3533.779,3641.588,3533.779,26998327800,3.69042819409e+11,-94.135,-0.025947
000001.ZICN,000001,上海证券交易所,上证综指,XSHG,2015-12-29,3533.779,3528.395,3515.52,3564.171,3563.736,18255192300,2.50938907269e+11,29.957,0.008477
000001.ZICN,000001,上海证券交易所,上证综指,XSHG,2015-12-30,3563.736,3566.731,3538.112,3573.684,3572.876,18788960900,2.67787665269e+11,9.14,0.002565
000001.ZICN,000001,上海证券交易所,上证综指,XSHG,2015-12-31,3572.876,3570.467,3538.353,3580.602,3539.182,17696365900,2.54031073828e+11,-33.694,-0.00943
